Date,Name,Year,Letterboxd URI,Rating
2019-12-05,Parasite,2019,https://boxd.it/hTha,5
2019-12-05,Once Upon a Time… in Hollywood,2019,https://boxd.it/gH0O,4.5
2019-12-05,Joker,2019,https://boxd.it/h4cS,3
2019-12-05,Moonlight,2016,https://boxd.it/d6bE,5
2019-12-05,Arrival,2016,https://boxd.it/aNGk,4.5
2019-12-05,Inception,2010,https://boxd.it/1skk,4.5
2019-12-05,Inside Out,2015,https://boxd.it/4KHC,4
2019-12-05,Paddington 2,2017,https://boxd.it/bCF8,4.5
2019-12-05,Hell or High Water,2016,https://boxd.it/bfGM,4
2019-12-05,Creed,2015,https://boxd.it/a2qk,4
2019-12-05,The Empire Strikes Back,1980,https://boxd.it/27Vw,5
2019-12-05,Star Wars,1977,https://boxd.it/72s,4.5
2019-12-05,Star Wars: The Force Awakens,2015,https://boxd.it/4vru,3.5
2019-12-05,Return of the Jedi,1983,https://boxd.it/27Vm,3.5
2019-12-05,Star Wars: The Clone Wars,2008,https://boxd.it/1Sly,2.5
2019-12-05,The Godfather,1972,https://boxd.it/2aNK,5
2019-12-05,Harakiri,1962,https://boxd.it/1NTU,5
2019-12-05,Seven Samurai,1954,https://boxd.it/2axi,5
2019-12-05,Spirited Away,2001,https://boxd.it/2b4m,4.5
2019-12-05,The Shawshank Redemption,1994,https://boxd.it/2aHi,4.5
2019-12-05,The Dark Knight,2008,https://boxd.it/2b0k,4.5
2019-12-05,"The Good, the Bad and the Ugly",1966,https://boxd.it/2ape,5
2019-12-05,Pulp Fiction,1994,https://boxd.it/29Pq,4.5
2019-12-05,Apocalypse Now,1979,https://boxd.it/6ZS,5
2019-12-05,The Lord of the Rings: The Return of the King,2003,https://boxd.it/2b5u,4.5
2019-12-05,City of God,2002,https://boxd.it/2a2a,4.5
2019-12-05,Oldboy,2003,https://boxd.it/29R2,4
2019-12-05,Fight Club,1999,https://boxd.it/2a9q,4
2019-12-05,Se7en,1995,https://boxd.it/29zs,4
2019-12-05,Yojimbo,1961,https://boxd.it/1SRY,4.5
2019-12-05,Vertigo,1958,https://boxd.it/2apI,4
2019-12-05,Toy Story,1995,https://boxd.it/29qA,4
2019-12-05,Raging Bull,1980,https://boxd.it/28yI,4.5
2019-12-05,Once Upon a Time in America,1984,https://boxd.it/2aCs,4.5
2019-12-05,Sicario,2015,https://boxd.it/8i7u,4
2019-12-05,Inglourious Basterds,2009,https://boxd.it/1JzG,4
2019-12-05,Django Unchained,2012,https://boxd.it/2cCk,3.5
2019-12-05,Jackie Brown,1997,https://boxd.it/2aVO,4
2019-12-05,Reservoir Dogs,1992,https://boxd.it/2agc,4.5
2019-12-05,Kill Bill: Vol. 1,2003,https://boxd.it/70w,4
2019-12-05,Death Proof,2007,https://boxd.it/27GG,3
2019-12-05,The Birds,1963,https://boxd.it/2a6m,3.5
2019-12-05,Night of the Living Dead,1968,https://boxd.it/1WwA,4
2019-12-05,A Fistful of Dollars,1964,https://boxd.it/2auo,4
2019-12-05,Dawn of the Dead,1978,https://boxd.it/29gU,4
2019-12-05,Die Hard,1988,https://boxd.it/2a7u,4
2019-12-05,Ferris Bueller's Day Off,1986,https://boxd.it/1YPY,3.5
2019-12-05,Scarface,1983,https://boxd.it/2b7g,4
2019-12-05,Back to the Future Part II,1989,https://boxd.it/2aYI,4
2019-12-05,Beetlejuice,1988,https://boxd.it/24QI,3.5
2019-12-05,Grave of the Fireflies,1988,https://boxd.it/1RUM,4
2019-12-05,RoboCop,1987,https://boxd.it/22Wu,3.5
2019-12-05,Rain Man,1988,https://boxd.it/2avw,3.5
2019-12-05,Lethal Weapon,1987,https://boxd.it/29e0,3.5
2019-12-05,Child's Play,1988,https://boxd.it/1VTo,3
2019-12-05,The Karate Kid,1984,https://boxd.it/27Wk,3
2019-12-05,Re-Animator,1985,https://boxd.it/28hM,3.5
2019-12-05,Twin Peaks,1990,https://boxd.it/g8pk,4.5
2019-12-05,Beverly Hills Cop,1984,https://boxd.it/2baE,4
2019-12-05,Twin Peaks: The Return,2017,https://boxd.it/hN9O,5
2019-12-05,Big Little Lies,2017,https://boxd.it/fYde,4
2019-12-05,The Haunting of Hill House,2018,https://boxd.it/kfJ0,4
2019-12-05,The Young Pope,2016,https://boxd.it/g3y2,4
2019-12-05,Us,2019,https://boxd.it/gnV6,3.5
2019-12-05,Senna,2010,https://boxd.it/kfE,4
2019-12-05,Toy Story 3,2010,https://boxd.it/1WRe,4
2019-12-05,Logan,2017,https://boxd.it/7Piy,4
2019-12-05,Interstellar,2014,https://boxd.it/4VZ8,4
2019-12-05,Avengers: Infinity War,2018,https://boxd.it/9vEe,4
2019-12-05,Black Panther,2018,https://boxd.it/8MHs,3.5
2019-12-05,Baby Driver,2017,https://boxd.it/bhF2,4
2019-12-05,Guardians of the Galaxy,2014,https://boxd.it/3VH2,3.5
2019-12-05,La La Land,2016,https://boxd.it/a5fa,4
2019-12-05,Thor: Ragnarok,2017,https://boxd.it/8MHi,3.5
2019-12-05,The Wolf of Wall Street,2013,https://boxd.it/3C1m,4
2019-12-05,Deadpool,2016,https://boxd.it/9fOC,3.5
2019-12-05,Spider-Man: Homecoming,2017,https://boxd.it/aboM,3.5
2019-12-05,Guardians of the Galaxy Vol. 2,2017,https://boxd.it/8MxC,3.5
2019-12-05,The Avengers,2012,https://boxd.it/1xFW,3.5
2019-12-05,A Quiet Place,2018,https://boxd.it/fVJQ,4
2019-12-05,Captain America: Civil War,2016,https://boxd.it/89Ja,3.5
2019-12-05,It,2017,https://boxd.it/bC8e,3
2019-12-05,Captain Marvel,2019,https://boxd.it/9vSA,2.5
2019-12-05,The Revenant,2015,https://boxd.it/8H5e,4
2019-12-05,BlacKkKlansman,2018,https://boxd.it/hxL8,4
2019-12-05,Doctor Strange,2016,https://boxd.it/8MH8,3
2019-12-05,Bohemian Rhapsody,2018,https://boxd.it/f1TK,3
2019-12-05,Incredibles 2,2018,https://boxd.it/7IPg,3
2019-12-05,The Hateful Eight,2015,https://boxd.it/8gw8,4
2019-12-05,Hereditary,2018,https://boxd.it/hNVe,4
2019-12-05,Iron Man,2008,https://boxd.it/28dA,3.5
2019-12-05,The Incredibles,2004,https://boxd.it/1XLm,4
2019-12-05,Up,2009,https://boxd.it/1OEc,3.5
2019-12-05,Shaun of the Dead,2004,https://boxd.it/29J8,4
2019-12-05,Scott Pilgrim vs. the World,2010,https://boxd.it/1Aq6,3.5
2019-12-05,The World's End,2013,https://boxd.it/3EiO,3.5
2019-12-05,Mission: Impossible - Fallout,2018,https://boxd.it/bSVc,4
2019-12-05,Mission: Impossible - Rogue Nation,2015,https://boxd.it/5rI4,3.5
2019-12-05,Mission: Impossible,1996,https://boxd.it/29d2,3.5
2019-12-05,Collateral,2004,https://boxd.it/28F0,4
2019-12-05,Mission: Impossible III,2006,https://boxd.it/29cI,2.5
2019-12-05,The Last Samurai,2003,https://boxd.it/29ZA,3.5
2019-12-05,Mission: Impossible II,2000,https://boxd.it/29cS,2
2019-12-05,Jerry Maguire,1996,https://boxd.it/1YNS,3.5
2019-12-05,Dawn of the Dead,2004,https://boxd.it/29gK,3
2019-12-05,Final Fantasy: The Spirits Within,2001,https://boxd.it/27pg,2
2019-12-05,Day of the Dead,2008,https://boxd.it/1PNu,2
2019-12-05,Men in Black: International,2019,https://boxd.it/hdJw,2
2019-12-05,Sorry to Bother You,2018,https://boxd.it/f21E,4
2019-12-05,Creed II,2018,https://boxd.it/hgl8,3
2019-12-05,Lady and the Tramp,2019,https://boxd.it/izy8,2.5
2019-12-05,Titanic,1997,https://boxd.it/2a2k,3
2019-12-05,The Departed,2006,https://boxd.it/28MA,4
2019-12-05,Catch Me If You Can,2002,https://boxd.it/29VS,4
2019-12-05,Good Will Hunting,1997,https://boxd.it/2ahY,4
2019-12-05,True Grit,2010,https://boxd.it/Sog,4
2019-12-05,The Bourne Identity,2002,https://boxd.it/26EO,3
2019-12-05,Dogma,1999,https://boxd.it/284e,4
2019-12-05,Jay and Silent Bob Strike Back,2001,https://boxd.it/26ZM,3
2019-12-05,The Informant!,2009,https://boxd.it/1U8c,3
2019-12-05,Rounders,1998,https://boxd.it/1WMS,3.5
2019-12-05,Deadpool 2,2018,https://boxd.it/dlLM,3
2019-12-05,Drive,2011,https://boxd.it/IG,4
2019-12-05,Spider-Man: Far from Home,2019,https://boxd.it/fegG,3.5
2019-12-05,The Dark Knight Rises,2012,https://boxd.it/H3m,3
2019-12-05,A Star Is Born,2018,https://boxd.it/aXgc,3.5
2019-12-05,Ant-Man,2015,https://boxd.it/3vmW,4
2019-12-05,John Wick,2014,https://boxd.it/7dEc,4
2019-12-05,Zootopia,2016,https://boxd.it/84xS,3
2019-12-05,Kingsman: The Secret Service,2014,https://boxd.it/6dxe,3
2019-12-05,Captain America: The First Avenger,2011,https://boxd.it/28b0,3
2019-12-05,The Nice Guys,2016,https://boxd.it/94Hg,4
2019-12-05,Solo: A Star Wars Story,2018,https://boxd.it/bGWs,3
2019-12-05,Jurassic World,2015,https://boxd.it/4n0g,3
2019-12-06,Chernobyl,2019,https://boxd.it/mkbG,5
2019-12-10,Blindspotting,2018,https://boxd.it/hDMw,4
2019-12-10,Notting Hill,1999,https://boxd.it/2aeK,2.5
2019-12-10,Happy Death Day,2017,https://boxd.it/fDz4,2.5
2019-12-10,The Hurt Locker,2008,https://boxd.it/1Soi,3.5
2019-12-10,Teen Titans Go! To the Movies,2018,https://boxd.it/h13o,3
2019-12-10,The Pursuit of Happyness,2006,https://boxd.it/28PE,3
2019-12-11,Marriage Story,2019,https://boxd.it/hJAw,5
2019-12-15,Green Book,2018,https://boxd.it/hErk,3.5
2019-12-18,Men in Black II,2002,https://boxd.it/2a0y,2.5
2019-12-18,Batman Forever,1995,https://boxd.it/2ara,2
2019-12-18,Small Soldiers,1998,https://boxd.it/1TzQ,2.5
2019-12-18,Volcano,1997,https://boxd.it/1WsS,2
2019-12-18,The Big Short,2015,https://boxd.it/ajZw,3.5
2019-12-18,World War Z,2013,https://boxd.it/2p2E,3
2019-12-18,Moneyball,2011,https://boxd.it/glS,4
2019-12-18,The Assassination of Jesse James by the Coward Robert Ford,2007,https://boxd.it/24dG,3.5
2019-12-18,Interview with the Vampire,1994,https://boxd.it/29XO,3
2019-12-18,Widows,2018,https://boxd.it/e6gc,4
2019-12-18,Dolemite Is My Name,2019,https://boxd.it/je6E,4
2019-12-18,Phantom Thread,2017,https://boxd.it/e4uc,4
2019-12-18,Whiplash,2014,https://boxd.it/7bQA,5
2019-12-18,It Follows,2014,https://boxd.it/87wo,3.5
2019-12-18,Donnie Darko,2001,https://boxd.it/2b2A,3.5
2019-12-18,The Prestige,2006,https://boxd.it/293w,4
2019-12-18,(500) Days of Summer,2009,https://boxd.it/1EmM,3
2019-12-18,Zombieland,2009,https://boxd.it/1En6,3
2019-12-18,Juno,2007,https://boxd.it/210a,4
2019-12-18,Punch-Drunk Love,2002,https://boxd.it/20E4,4
2019-12-18,District 9,2009,https://boxd.it/1Iik,3.5
2019-12-18,The Devil Wears Prada,2006,https://boxd.it/2awE,3.5
2019-12-18,Star Trek,2009,https://boxd.it/1Q6c,3
2019-12-22,Togo,2019,https://boxd.it/mpjA,3.5
2019-12-22,Finding Nemo,2003,https://boxd.it/72i,3.5
2019-12-22,Aquaman,2018,https://boxd.it/9ru0,3
2019-12-22,American Psycho,2000,https://boxd.it/28Vs,3.5
2019-12-22,The Shining,1980,https://boxd.it/29Nu,4.5
2019-12-26,Ex Machina,2014,https://boxd.it/7T2k,4
2020-01-06,The Two Popes,2019,https://boxd.it/k8Xk,3.5
2020-01-06,Dunkirk,2017,https://boxd.it/d0Y6,4
2020-01-12,The Talented Mr. Ripley,1999,https://boxd.it/2924,3.5
2020-01-13,Blue Velvet,1986,https://boxd.it/29BI,4
2020-01-13,Roma,2018,https://boxd.it/f69M,4
2020-01-13,Birdman or (The Unexpected Virtue of Ignorance),2014,https://boxd.it/5RFA,3.5
2020-01-13,Rogue One: A Star Wars Story,2016,https://boxd.it/aPvy,3
2020-01-16,Spanglish,2004,https://boxd.it/26Cy,2.5
2020-01-18,The Irishman,2019,https://boxd.it/dYOq,4.5
2020-01-18,Fargo,1996,https://boxd.it/2aHM,3.5
2020-01-18,Game Night,2018,https://boxd.it/fRtu,3
2020-01-18,Ocean's Eight,2018,https://boxd.it/eaai,2.5
2020-01-18,El Camino: A Breaking Bad Movie,2019,https://boxd.it/kv0q,3
2020-01-18,Sin City,2005,https://boxd.it/2aVk,3
2020-01-18,Casino,1995,https://boxd.it/2ads,4.5
2020-01-30,Bad Boys,1995,https://boxd.it/1XVG,3
2020-02-04,The Score,2001,https://boxd.it/1U0C,2.5
2020-02-04,Speed,1994,https://boxd.it/28qk,3
2020-02-05,Fast & Furious Presents: Hobbs & Shaw,2019,https://boxd.it/dnDA,2
2020-02-05,The Dead Zone,1983,https://boxd.it/1U6g,4
2020-02-05,Shutter Island,2010,https://boxd.it/1U82,3.5
2020-02-05,Ford v Ferrari,2019,https://boxd.it/ce74,4
2020-02-05,The Wild Bunch,1969,https://boxd.it/2a5y,4
2020-02-05,Magnolia,1999,https://boxd.it/2aze,4
2020-02-07,Dog Day Afternoon,1975,https://boxd.it/29bg,4
2020-02-08,The Searchers,1956,https://boxd.it/25HC,3
2020-02-11,Uncut Gems,2019,https://boxd.it/gXGc,4.5
2020-02-11,1917,2019,https://boxd.it/jj4y,4
2020-02-11,Bridesmaids,2011,https://boxd.it/rac,3
2020-02-12,Boogie Nights,1997,https://boxd.it/23um,4.5
2020-02-13,Brooklyn's Finest,2009,https://boxd.it/1tXi,3
2020-02-13,The Host,2006,https://boxd.it/28ZY,3.5
2020-02-13,12 Years a Slave,2013,https://boxd.it/2D2e,4
2020-02-14,John Wick: Chapter 2,2017,https://boxd.it/ayGu,4
2020-02-14,John Wick: Chapter 3 - Parabellum,2019,https://boxd.it/gmFw,4.5
2020-02-14,Pokémon Detective Pikachu,2019,https://boxd.it/fVA0,3
2020-02-14,Alita: Battle Angel,2019,https://boxd.it/e0rS,3
2020-02-14,Godzilla: King of the Monsters,2019,https://boxd.it/cY7Y,3
2020-02-14,Velvet Buzzsaw,2019,https://boxd.it/gAy0,3
2020-02-14,Always Be My Maybe,2019,https://boxd.it/iB2y,3
2020-02-14,The Beach Bum,2019,https://boxd.it/fH4O,2.5
2020-02-14,Triple Frontier,2019,https://boxd.it/dZUO,3
2020-02-14,Murder Mystery,2019,https://boxd.it/iEBm,2.5
2020-02-14,Anima,2019,https://boxd.it/mxuc,4
2020-02-14,High Flying Bird,2019,https://boxd.it/itka,4
2020-02-14,Polar,2019,https://boxd.it/hoZg,2
2020-02-14,Warcraft,2016,https://boxd.it/2czK,2
2020-02-14,Phone Booth,2002,https://boxd.it/285G,2.5
2020-02-14,30 Days of Night,2007,https://boxd.it/24dw,3
2020-02-14,3:10 to Yuma,2007,https://boxd.it/23g0,4
2020-02-14,Against the Wall,1994,https://boxd.it/1iGU,3
2020-02-15,The Grand Budapest Hotel,2014,https://boxd.it/3ZqO,3.5
2020-02-15,Twin Peaks: Fire Walk with Me,1992,https://boxd.it/27Qw,3.5
2020-02-15,Sully,2016,https://boxd.it/cD8Q,3.5
2020-02-15,Step Brothers,2008,https://boxd.it/1SsE,3
2020-02-15,Back to the Future Part III,1990,https://boxd.it/2aTS,3.5
2020-02-16,Good Time,2017,https://boxd.it/fcFu,4
2020-02-17,Fast & Furious 6,2013,https://boxd.it/2UG6,3
2020-02-17,The Fast and the Furious: Tokyo Drift,2006,https://boxd.it/1Yeo,2.5
2020-02-17,The Fate of the Furious,2017,https://boxd.it/bbCw,3
2020-02-17,Animal Kingdom,2010,https://boxd.it/Ru8,3.5
2020-02-18,Molly's Game,2017,https://boxd.it/dSl8,3.5
2020-02-19,Hustlers,2019,https://boxd.it/jIBM,3.5
2020-02-19,Jojo Rabbit,2019,https://boxd.it/iEBG,4
2020-02-20,Gravity,2013,https://boxd.it/GZY,3
2020-02-20,Popstar: Never Stop Never Stopping,2016,https://boxd.it/blDa,3
2020-02-20,Bridge of Spies,2015,https://boxd.it/9n9C,3.5
2020-02-20,Neon Genesis Evangelion: The End of Evangelion,1997,https://boxd.it/1GRM,4.5
2020-02-20,Unforgiven,1992,https://boxd.it/6Z4,4.5
2020-02-20,Dazed and Confused,1993,https://boxd.it/1Ylk,3.5
2020-02-20,Groundhog Day,1993,https://boxd.it/2b3e,4
2020-02-21,In the Tall Grass,2019,https://boxd.it/iZpm,2.5
2020-02-21,Ali,2001,https://boxd.it/205e,3
2020-02-21,Heat,1995,https://boxd.it/2bg8,4.5
2020-02-21,The Deer Hunter,1978,https://boxd.it/1T6O,3.5
2020-02-21,Once Upon a Time in the West,1968,https://boxd.it/2az4,4.5
2020-02-21,Limitless,2011,https://boxd.it/Aly,2.5
2020-02-21,Mean Streets,1973,https://boxd.it/2aSU,4
2020-02-21,Ronin,1998,https://boxd.it/20wa,3
2020-02-21,Midnight Run,1988,https://boxd.it/1ZnQ,4
2020-02-22,Kill Bill: The Whole Bloody Affair,2011,https://boxd.it/eCrQ,4
2020-02-22,Grindhouse,2007,https://boxd.it/8RwY,3
2020-02-22,As Good as It Gets,1997,https://boxd.it/268y,3.5
2020-02-22,Coming to America,1988,https://boxd.it/1Ygu,3.5
2020-02-23,Police Academy,1984,https://boxd.it/1YWg,3
2020-02-23,Julie & Julia,2009,https://boxd.it/1wXg,3
2020-02-23,Forrest Gump,1994,https://boxd.it/728,4
2020-02-23,The Florida Project,2017,https://boxd.it/dMG0,4.5
2020-02-24,The Intern,2015,https://boxd.it/7AOE,3.5
2020-02-24,Mulholland Drive,2001,https://boxd.it/297o,4.5
2020-02-24,Up in the Air,2009,https://boxd.it/1zPY,3
2020-02-25,Shazam!,2019,https://boxd.it/8WBu,3
2020-02-26,2001: A Space Odyssey,1968,https://boxd.it/2bf0,4.5
2020-02-26,Four Brothers,2005,https://boxd.it/20o6,3
2020-02-26,Driving Miss Daisy,1989,https://boxd.it/2asC,2.5
2020-02-26,When Harry Met Sally...,1989,https://boxd.it/29W2,3.5
2020-02-27,A Few Good Men,1992,https://boxd.it/29nw,4
2020-02-27,Frances Ha,2012,https://boxd.it/41Xg,3.5
2020-02-27,Lady Bird,2017,https://boxd.it/dGNE,4.5
2020-02-27,Dark Waters,2019,https://boxd.it/kaYu,3.5
2020-02-28,Mudbound,2017,https://boxd.it/eCsu,4
2020-02-29,The Peacemaker,1997,https://boxd.it/21sS,2
2020-02-29,Higher Learning,1995,https://boxd.it/1Kps,3
2020-02-29,The Lego Movie,2014,https://boxd.it/4pDO,3.5
2020-02-29,Wreck-It Ralph,2012,https://boxd.it/2TTS,3.5
2020-02-29,Crazy Rich Asians,2018,https://boxd.it/gfnK,3
2020-02-29,Jumanji: Welcome to the Jungle,2017,https://boxd.it/bUeE,3
2020-02-29,10 Things I Hate About You,1999,https://boxd.it/23AO,4
2020-02-29,The Hangover,2009,https://boxd.it/1GjK,3
2020-02-29,School of Rock,2003,https://boxd.it/28xK,3
2020-02-29,This Is the End,2013,https://boxd.it/3GB4,3
2020-02-29,Ran,1985,https://boxd.it/1Tlu,5
2020-02-29,The Sisters Brothers,2018,https://boxd.it/fDFm,3.5
2020-03-01,The Lighthouse,2019,https://boxd.it/icFU,4
2020-03-02,Aliens,1986,https://boxd.it/29PA,4
2020-03-03,Paid in Full,2002,https://boxd.it/1QQu,3.5
2020-03-04,Outbreak,1995,https://boxd.it/21io,3
2020-03-08,Zodiac,2007,https://boxd.it/27MO,4
2020-03-08,Mississippi Grind,2015,https://boxd.it/9UfI,4
2020-03-11,Any Given Sunday,1999,https://boxd.it/1YmC,2.5
2020-03-11,Out of Sight,1998,https://boxd.it/28R6,4
2020-03-12,There Will Be Blood,2007,https://boxd.it/20Z2,4.5
2020-03-18,Her,2013,https://boxd.it/4O24,4.5
2020-03-18,Spenser Confidential,2020,https://boxd.it/log4,2
2020-03-19,Harlem Nights,1989,https://boxd.it/1Zcy,3
2020-03-20,Contagion,2011,https://boxd.it/13rq,3.5
2020-03-20,The Manchurian Candidate,2004,https://boxd.it/1O2M,3
2020-03-20,Remember the Titans,2000,https://boxd.it/1VLk,3.5
2020-03-20,Unstoppable,2010,https://boxd.it/SVO,3.5
2020-03-22,True Romance,1993,https://boxd.it/2aBa,4
2020-03-22,Beverly Hills Cop II,1987,https://boxd.it/2b9G,3
2020-03-22,Neon Genesis Evangelion,1995,https://boxd.it/ptEI,4.5
2020-03-22,Akira,1988,https://boxd.it/2b1i,5
2020-03-24,Black Swan,2010,https://boxd.it/Sw0,4
2020-03-25,The Foreigner,2017,https://boxd.it/dbRg,2.5
2020-03-25,Do the Right Thing,1989,https://boxd.it/29gA,4.5
2020-03-26,Mobile Suit Gundam 0080: War in the Pocket,1989,https://boxd.it/r2Xi,4.5
2020-04-01,The Usual Suspects,1995,https://boxd.it/29XE,3
2020-04-03,High and Low,1963,https://boxd.it/1RSc,4.5
2020-04-04,Mr. & Mrs. Smith,2005,https://boxd.it/29CG,3
2020-04-05,Throne of Blood,1957,https://boxd.it/251w,4.5
2020-04-07,Mad Max 2,1981,https://boxd.it/1ZPg,3.5
2020-04-07,Stray Dog,1949,https://boxd.it/1ltu,4
2020-04-08,ZeroZeroZero,2020,https://boxd.it/pLDe,4
2020-04-08,The Trap,2019,https://boxd.it/lOzc,2
2020-04-09,Stalker,1979,https://boxd.it/28PO,4
2020-04-10,Serpico,1973,https://boxd.it/1ZjE,4
2020-04-18,Jay and Silent Bob Reboot,2019,https://boxd.it/fFvS,3
2020-04-18,Deep Impact,1998,https://boxd.it/1ZYM,2
2020-04-22,Uncorked,2020,https://boxd.it/oznm,2.5
2020-04-23,The Master,2012,https://boxd.it/2cBG,4
2020-04-23,The Mule,2018,https://boxd.it/idcY,3
2020-04-30,Extraction,2020,https://boxd.it/jUjA,3
2020-04-30,Set It Up,2018,https://boxd.it/dpik,2.5
2020-05-04,Blow,2001,https://boxd.it/24Mm,3
2020-05-05,Road to Perdition,2002,https://boxd.it/24Lo,4
2020-05-06,Angel Has Fallen,2019,https://boxd.it/eYfC,2.5
2020-05-06,"Hail, Caesar!",2016,https://boxd.it/881G,3.5
2020-05-08,Mystic River,2003,https://boxd.it/2aAG,4
2020-05-09,Blazing Saddles,1974,https://boxd.it/1UHQ,3.5
2020-05-10,True Lies,1994,https://boxd.it/19pq,3.5
2020-05-17,Above the Rim,1994,https://boxd.it/1FIO,3
2020-05-17,Cool Runnings,1993,https://boxd.it/29qg,3.5
2020-05-22,The Natural,1984,https://boxd.it/1TX4,3
2020-05-28,Iron Fists and Kung Fu Kicks,2019,https://boxd.it/m7Gw,2.5
2020-05-28,LA Originals,2020,https://boxd.it/pIvc,3.5
2020-06-10,Dark Phoenix,2019,https://boxd.it/anyO,2
2020-06-10,The Meg,2018,https://boxd.it/bAL4,2.5
2020-06-10,ReMastered: Devil at the Crossroads,2019,https://boxd.it/keZQ,3
2020-06-11,You've Got Mail,1998,https://boxd.it/1Yye,3
2020-06-11,Inside Man,2006,https://boxd.it/2auS,3.5
2020-06-12,The Vast of Night,2019,https://boxd.it/kJyc,3.5
2020-06-12,I Am Not Your Negro,2016,https://boxd.it/etXy,4
2020-06-12,The Twilight Samurai,2002,https://boxd.it/1RRI,4
2020-06-12,Samurai I: Musashi Miyamoto,1954,https://boxd.it/1jfg,3.5
2020-06-15,The Family,2013,https://boxd.it/3LkW,2
2020-06-18,Godzilla,1954,https://boxd.it/28kc,4
2020-06-20,Analyze This,1999,https://boxd.it/1Yr8,3
2020-06-21,Pan's Labyrinth,2006,https://boxd.it/28No,4
2020-06-21,8:46,2020,https://boxd.it/qL5e,4.5
2020-06-28,Da 5 Bloods,2020,https://boxd.it/lnXw,3.5
2020-06-28,Devs,2020,https://boxd.it/ppHI,3.5
2020-06-28,Dave Chappelle: The Kennedy Center Mark Twain Prize,2020,https://boxd.it/oDOm,3.5
2020-06-29,The Hidden Fortress,1958,https://boxd.it/295M,4
2020-07-01,Lucy in the Sky,2019,https://boxd.it/bjly,3
2020-07-02,Filmworker,2017,https://boxd.it/gmoq,3
2020-07-02,Despicable Me,2010,https://boxd.it/1DD8,3.5
2020-07-04,They Shall Not Grow Old,2018,https://boxd.it/jP62,4
2020-07-04,Network,1976,https://boxd.it/1VqG,4.5
2020-07-04,Dave Chappelle: The Bird Revelation,2017,https://boxd.it/hP9c,4
2020-07-04,Dave Chappelle: Equanimity,2017,https://boxd.it/hzJy,4
2020-07-06,Saving Private Ryan,1998,https://boxd.it/29ro,4.5
2020-07-06,Band of Brothers,2001,https://boxd.it/aRNY,4.5
2020-07-08,Doctor Sleep,2019,https://boxd.it/i5vI,4
2020-07-08,The Patriot,2000,https://boxd.it/27Bw,2.5
2020-07-10,The Devil's Advocate,1997,https://boxd.it/286k,3.5
2020-07-10,Donnie Brasco,1997,https://boxd.it/1YRA,3.5
2020-07-10,The Mist,2007,https://boxd.it/22r2,2.5
2020-07-10,Ad Astra,2019,https://boxd.it/ePzI,4
2020-07-10,Spider-Man: Into the Spider-Verse,2018,https://boxd.it/azpY,4.5
2020-07-10,FLCL,2000,https://boxd.it/bWtG,4.5
2020-07-15,Midway,2019,https://boxd.it/iX4w,2.5
2020-07-15,Palm Springs,2020,https://boxd.it/lCXQ,4
2020-07-17,Long Shot,2019,https://boxd.it/grG0,3.5
2020-07-21,The Silence of the Lambs,1991,https://boxd.it/2aHW,4.5
2020-07-22,The Ballad of Buster Scruggs,2018,https://boxd.it/jB2q,3.5
2020-07-24,My Neighbor Totoro,1988,https://boxd.it/20eA,4.5
2020-07-26,The Dirty Dozen,1967,https://boxd.it/28nK,3
2020-07-26,Porco Rosso,1992,https://boxd.it/1Tp2,4.5
2020-07-27,Princess Mononoke,1997,https://boxd.it/2b4w,4
2020-07-29,Lupin the Third: The Castle of Cagliostro,1979,https://boxd.it/1Mn4,4
2020-07-29,What We Do in the Shadows,2014,https://boxd.it/7eQy,4
2020-08-05,The Black Godfather,2019,https://boxd.it/mnZ0,3.5
2020-08-06,Full Metal Jacket,1987,https://boxd.it/2a1Q,4
2020-08-08,Jurassic Park,1993,https://boxd.it/2aA2,4
2020-08-09,Harry Potter and the Philosopher's Stone,2001,https://boxd.it/29QS,2.5
2020-08-09,Harry Potter and the Chamber of Secrets,2002,https://boxd.it/29QI,3
2020-08-09,Plus One,2019,https://boxd.it/inpo,3.5
2020-08-09,Spaceballs,1987,https://boxd.it/29cy,2.5
2020-08-09,Star Wars: The Last Jedi,2017,https://boxd.it/5xme,4
2020-08-10,Harry Potter and the Prisoner of Azkaban,2004,https://boxd.it/29Qy,4
2020-08-10,Justice League,2017,https://boxd.it/4w68,2.5
2020-08-10,The Holy Mountain,1973,https://boxd.it/20mu,3.5
2020-08-10,El Topo,1970,https://boxd.it/1QYS,3.5
2020-08-13,Batman,1989,https://boxd.it/2aIU,3
2020-08-15,Harry Potter and the Goblet of Fire,2005,https://boxd.it/29Qo,3
2020-08-15,Harry Potter and the Order of the Phoenix,2007,https://boxd.it/29Qe,3.5
2020-08-17,Harry Potter and the Half-Blood Prince,2009,https://boxd.it/29FU,3.5
2020-08-17,Suicide Squad,2016,https://boxd.it/9row,2
2020-08-18,Minority Report,2002,https://boxd.it/2aWi,4
2020-08-19,First Man into Space,1959,https://boxd.it/1oug,2
2020-08-19,Top Gun,1986,https://boxd.it/29JC,3
2020-08-19,WALL·E,2008,https://boxd.it/1VEo,4
2020-08-20,Bring It On,2000,https://boxd.it/28x6,2.5
2020-08-20,Stockton on My Mind,2020,https://boxd.it/qFgg,2.5
2020-08-20,Eraserhead,1977,https://boxd.it/299u,4
2020-08-22,Harry Potter and the Deathly Hallows: Part 1,2010,https://boxd.it/1RYu,3.5
2020-08-22,Harry Potter and the Deathly Hallows: Part 2,2011,https://boxd.it/1RYk,3.5
2020-08-23,Public Enemies,2009,https://boxd.it/1U8m,2.5
2020-08-24,Clash of the Titans,2010,https://boxd.it/1GfI,2
2020-08-25,Knock Down the House,2019,https://boxd.it/kIss,3.5
2020-08-25,The Pixar Story,2007,https://boxd.it/1Mtm,3
2020-08-25,Fantastic Beasts and Where to Find Them,2016,https://boxd.it/7FPC,3
2020-08-31,Mars Attacks!,1996,https://boxd.it/2bd4,3
2020-09-02,Point Break,1991,https://boxd.it/2958,4
2020-09-04,The Terminator,1984,https://boxd.it/2aQY,3.5
2020-09-04,The Running Man,1987,https://boxd.it/29q6,3
2020-09-04,Total Recall,1990,https://boxd.it/29qK,4
2020-09-05,Terminator 2: Judgment Day,1991,https://boxd.it/2aGY,4.5
2020-09-08,I'm Thinking of Ending Things,2020,https://boxd.it/i4IQ,4.5
2020-09-09,Castle in the Sky,1986,https://boxd.it/1W4G,3.5
2020-09-09,The Lego Movie 2: The Second Part,2019,https://boxd.it/8BAU,3
2020-09-11,Ocean's Twelve,2004,https://boxd.it/2aZ2,3.5
2020-09-13,Unbreakable,2000,https://boxd.it/1XV2,3.5
2020-09-13,Our Idiot Brother,2011,https://boxd.it/hac,3
2020-09-13,The Rocky Horror Picture Show,1975,https://boxd.it/1a3q,3
2020-09-14,The Blob,1958,https://boxd.it/1ZKA,3
2020-09-14,The Exorcist,1973,https://boxd.it/1Yoo,4.5
2020-09-15,Signs,2002,https://boxd.it/26t2,3
2020-09-15,Blade Runner,1982,https://boxd.it/2bcA,5
2020-09-15,Come and See,1985,https://boxd.it/1w9q,5
2020-09-16,Prometheus,2012,https://boxd.it/2s9e,3
2020-09-16,Philadelphia,1993,https://boxd.it/1XMk,4
2020-09-16,Portrait of a Lady on Fire,2019,https://boxd.it/jkPq,4.5
2020-09-16,The Legend of Drunken Master,1994,https://boxd.it/1Si0,4
2020-09-16,50/50,2011,https://boxd.it/10Tw,3.5
2020-09-16,Hamilton,2020,https://boxd.it/kmvE,3
2020-09-16,All the President's Men,1976,https://boxd.it/29lU,4.5
2020-09-16,Avatar,2009,https://boxd.it/1Efm,3
2020-09-16,Big Hero 6,2014,https://boxd.it/5rje,3.5
2020-09-16,Moana,2016,https://boxd.it/8tfY,3.5
2020-09-16,X-Men: Apocalypse,2016,https://boxd.it/7eJi,2.5
2020-09-16,Pirates of the Caribbean: Dead Man's Chest,2006,https://boxd.it/2bfk,3
2020-09-16,The Simpsons Movie,2007,https://boxd.it/6YU,3
2020-09-16,Free Solo,2018,https://boxd.it/iEEq,3.5
2020-09-16,Snowpiercer,2013,https://boxd.it/3Icg,3.5
2020-09-16,Okja,2017,https://boxd.it/dvXe,3.5
2020-09-16,Train to Busan,2016,https://boxd.it/dSQU,3.5
2020-09-16,Black Mirror: Bandersnatch,2018,https://boxd.it/kTDG,3
2020-09-17,Lean On Me,1989,https://boxd.it/1NIC,3.5
2020-09-17,The Old Guard,2020,https://boxd.it/jY2e,3.5
2020-09-19,Contact,1997,https://boxd.it/29OM,4
2020-09-19,The Devil All the Time,2020,https://boxd.it/i2tY,4
2020-09-19,Nausicaä of the Valley of the Wind,1984,https://boxd.it/2bc6,4
2020-09-20,The Sixth Sense,1999,https://boxd.it/29Js,3.5
2020-09-20,Frost/Nixon,2008,https://boxd.it/1TI4,3.5
2020-09-21,Iron Man 2,2010,https://boxd.it/1WZM,2.5
2020-09-23,"O Brother, Where Art Thou?",2000,https://boxd.it/2b3I,4.5
2020-09-23,Mission: Impossible - Ghost Protocol,2011,https://boxd.it/psI,4
2020-09-23,Casino Royale,2006,https://boxd.it/1alk,4
2020-09-23,Skyfall,2012,https://boxd.it/17Fc,4.5
2020-09-23,Invictus,2009,https://boxd.it/1zPk,3
2020-09-24,Sunset Boulevard,1950,https://boxd.it/2a20,5
2020-09-24,Ghost in the Shell,1995,https://boxd.it/1YYc,4
2020-09-24,Eurovision Song Contest: The Story of Fire Saga,2020,https://boxd.it/jkMG,2.5
2020-09-25,Raiders of the Lost Ark,1981,https://boxd.it/2bbs,5
2020-09-25,Split,2016,https://boxd.it/dgSy,3.5
2020-09-26,Blade II,2002,https://boxd.it/1agO,3
2020-09-26,"Crazy, Stupid, Love.",2011,https://boxd.it/D9A,2.5
2020-09-26,Batman Returns,1992,https://boxd.it/2awa,3.5
2020-09-26,From Dusk Till Dawn,1996,https://boxd.it/29HQ,2.5
2020-09-26,Blade,1998,https://boxd.it/1a8A,2.5
2020-09-26,Deadwood: The Movie,2019,https://boxd.it/jBYE,4
2020-09-26,Police Story,1985,https://boxd.it/1Zhe,4
2020-09-27,Not Another Teen Movie,2001,https://boxd.it/1TWq,2.5
2020-09-27,You Were Never Really Here,2017,https://boxd.it/dWOS,4.5
2020-09-28,An American Pickle,2020,https://boxd.it/niWi,3
2020-09-29,The Way Back,2020,https://boxd.it/jfoO,3.5
2020-09-29,Spotlight,2015,https://boxd.it/a84k,4
2020-09-30,The Thing,1982,https://boxd.it/294O,4.5
2020-10-01,Indiana Jones and the Last Crusade,1989,https://boxd.it/2baO,4
2020-10-01,#Alive,2020,https://boxd.it/mJl2,2.5
2020-10-01,John Henry,2020,https://boxd.it/otZu,2
2020-10-01,Apollo 18,2011,https://boxd.it/DQu,1.5
2020-10-01,"Tiger King: Murder, Mayhem and Madness",2020,https://boxd.it/pzj2,3
2020-10-01,Back to the Future,1985,https://boxd.it/2b8e,5
2020-10-01,Alien,1979,https://boxd.it/2awY,5
2020-10-01,Free Fire,2016,https://boxd.it/b2Ig,3
2020-10-01,Bright,2017,https://boxd.it/e1H8,2.5
2020-10-01,Unicorn Store,2017,https://boxd.it/f05u,2.5
2020-10-01,Coco,2017,https://boxd.it/bYJQ,4
2020-10-01,Butch Cassidy and the Sundance Kid,1969,https://boxd.it/29Vy,4
2020-10-01,The Ritual,2017,https://boxd.it/fo0I,3
2020-10-01,Get Out,2017,https://boxd.it/eOCm,4
2020-10-02,The Witch,2015,https://boxd.it/9X0m,3.5
2020-10-03,Before Sunset,2004,https://boxd.it/2bcg,5
2020-10-03,The Handmaiden,2016,https://boxd.it/948A,4.5
2020-10-03,Cowboys & Aliens,2011,https://boxd.it/F2G,2
2020-10-03,Bird Box,2018,https://boxd.it/eh1i,3
2020-10-03,Call Me by Your Name,2017,https://boxd.it/dYmm,4
2020-10-03,The Intent,2016,https://boxd.it/enJg,1
2020-10-03,The Seventh Seal,1957,https://boxd.it/2ahO,4
2020-10-04,Bone Tomahawk,2015,https://boxd.it/9kiw,3.5
2020-10-04,MFKZ,2017,https://boxd.it/gvme,3
2020-10-05,Badlands,1973,https://boxd.it/25Fm,4.5
2020-10-05,Who Framed Roger Rabbit,1988,https://boxd.it/29ry,4
2020-10-05,War of the Worlds,2005,https://boxd.it/2bde,3
2020-10-05,Close Encounters of the Third Kind,1977,https://boxd.it/29u8,3.5
2020-10-06,Empire of Dreams: The Story of the Star Wars Trilogy,2004,https://boxd.it/2CVi,3.5
2020-10-06,Taxi Driver,1976,https://boxd.it/2b8y,5
2020-10-06,The Town,2010,https://boxd.it/1zyS,3.5
2020-10-06,Glory,1989,https://boxd.it/1Y6u,3.5
2020-10-07,Anaconda,1997,https://boxd.it/1YSy,3
2020-10-07,Three Kings,1999,https://boxd.it/21IG,3.5
2020-10-07,Friday,1995,https://boxd.it/1VLO,3.5
2020-10-08,Nightcrawler,2014,https://boxd.it/780m,4
2020-10-08,Sleepless in Seattle,1993,https://boxd.it/29re,3
2020-10-08,The Evil Dead,1981,https://boxd.it/29Go,3.5
2020-10-09,The Royal Tenenbaums,2001,https://boxd.it/1YHU,4.5
2020-10-10,Hubie Halloween,2020,https://boxd.it/mQwm,2.5
2020-10-11,Pirates of the Caribbean: The Curse of the Black Pearl,2003,https://boxd.it/70G,3.5
2020-10-12,Armageddon,1998,https://boxd.it/2b9Q,3
2020-10-12,Becoming,2020,https://boxd.it/q8t2,3
2020-10-12,Used Cars,1980,https://boxd.it/1O1k,3
2020-10-12,About Time,2013,https://boxd.it/43bI,3.5
2020-10-12,Scanners,1981,https://boxd.it/1YqE,3.5
2020-10-13,Evil Dead II,1987,https://boxd.it/29Ge,4
2020-10-14,Bad Boys for Life,2020,https://boxd.it/15pc,3
2020-10-14,Suspiria,1977,https://boxd.it/1SNW,4
2020-10-14,Bacurau,2019,https://boxd.it/fSUG,4
2020-10-14,Sleepy Hollow,1999,https://boxd.it/26u0,3
2020-10-14,Midsommar,2019,https://boxd.it/jhxe,4
2020-10-14,The Lobster,2015,https://boxd.it/7tnw,3.5
2020-10-15,Hunt for the Wilderpeople,2016,https://boxd.it/cTgG,4
2020-10-16,In Bruges,2008,https://boxd.it/20n8,4.5
2020-10-17,Underwater,2020,https://boxd.it/fN4q,3
2020-10-18,Blood Diamond,2006,https://boxd.it/28Tm,3.5
2020-10-19,Code 8,2019,https://boxd.it/gu9o,2
2020-10-19,The Truman Show,1998,https://boxd.it/18U8,4
2020-10-19,Persona,1966,https://boxd.it/29B4,5
2020-10-20,[REC],2007,https://boxd.it/20ma,3
2020-10-20,The Report,2019,https://boxd.it/j2X2,3.5
2020-10-20,The Maltese Falcon,1941,https://boxd.it/29c4,4
2020-10-20,Birds of Prey (and the Fantabulous Emancipation of One Harley Quinn),2020,https://boxd.it/hSyO,2.5
2020-10-20,"Aguirre, the Wrath of God",1972,https://boxd.it/27Fe,4
2020-10-20,Before Sunrise,1995,https://boxd.it/2bcU,5
2020-10-20,Watchmen,2019,https://boxd.it/ol5e,4.5
2020-10-20,All Day and a Night,2020,https://boxd.it/jjnU,3
2020-10-20,The Matrix,1999,https://boxd.it/2a1m,4.5
2020-10-21,Vampires vs. the Bronx,2020,https://boxd.it/kP9M,2.5
2020-10-22,Ghosts of Abu Ghraib,2007,https://boxd.it/19tW,3.5
2020-10-22,World of Tomorrow,2015,https://boxd.it/9Gr6,5
2020-10-23,Charm City Kings,2020,https://boxd.it/kbUS,3.5
2020-10-23,High Fidelity,2000,https://boxd.it/2aMW,4.5
2020-10-23,Borat Subsequent Moviefilm,2020,https://boxd.it/rNS0,3.5
2020-10-24,By the People: The Election of Barack Obama,2009,https://boxd.it/1m0I,3.5
2020-10-24,The Treasure of the Sierra Madre,1948,https://boxd.it/25Lk,4
2020-10-24,Borat: Cultural Learnings of America for Make Benefit Glorious Nation of Kazakhstan,2006,https://boxd.it/2agQ,3
2020-10-26,Sonic the Hedgehog,2020,https://boxd.it/gdK8,2.5
2020-10-26,The Discreet Charm of the Bourgeoisie,1972,https://boxd.it/2440,3.5
2020-10-26,Le Samouraï,1967,https://boxd.it/22ZI,4
2020-10-27,The Princess Bride,1987,https://boxd.it/26EY,4
2020-10-27,Stop Making Sense,1984,https://boxd.it/1ygo,4.5
2020-10-27,Everything Will Be OK,2006,https://boxd.it/1h0y,4
2020-10-27,Color Out of Space,2019,https://boxd.it/k1HY,3
2020-10-27,Rejected,2000,https://boxd.it/1gZU,3
2020-10-27,Project Power,2020,https://boxd.it/ml8S,2.5
2020-10-28,Saving Mr. Banks,2013,https://boxd.it/4vIq,3.5
2020-10-28,Bad Education,2019,https://boxd.it/jiME,3.5
2020-10-28,The Human Condition I: No Greater Love,1959,https://boxd.it/1jAy,4.5
2020-10-31,The Trial of the Chicago 7,2020,https://boxd.it/kn3w,4
2020-10-31,M,1931,https://boxd.it/29vq,4
2020-11-02,The Great Dictator,1940,https://boxd.it/29ic,4.5
2020-11-03,13 Assassins,2010,https://boxd.it/jqc,4
2020-11-03,The Perks of Being a Wallflower,2012,https://boxd.it/2ZA8,3.5
2020-11-03,Rushmore,1998,https://boxd.it/1TAO,3.5
2020-11-03,Thief,1981,https://boxd.it/1TEc,4
2020-11-03,Chi-Raq,2015,https://boxd.it/bjIM,3.5
2020-11-04,James Brown - The Night James Brown Saved Boston,2008,https://boxd.it/jh0,3.5
2020-11-05,When We Were Kings,1996,https://boxd.it/1VZm,4
2020-11-05,Commando,1985,https://boxd.it/1UTs,3
2020-11-06,John Q,2002,https://boxd.it/205S,3
2020-11-06,Redline,2009,https://boxd.it/2pQ0,3.5
2020-11-06,Teenage Mutant Ninja Turtles,1990,https://boxd.it/28FY,3
2020-11-06,Thor,2011,https://boxd.it/1WQU,2.5
2020-11-06,Up in Smoke,1978,https://boxd.it/1TOm,3.5
2020-11-06,Lone Wolf and Cub: Sword of Vengeance,1972,https://boxd.it/Zia,4
2020-11-07,"Crouching Tiger, Hidden Dragon",2000,https://boxd.it/2b1M,4.5
2020-11-07,Mobile Suit Gundam Narrative,2018,https://boxd.it/keQk,2.5
2020-11-07,The Lego Batman Movie,2017,https://boxd.it/azp0,4
2020-11-07,Mobile Suit Gundam F91,1991,https://boxd.it/1Knw,2.5
2020-11-07,The Machinist,2004,https://boxd.it/248c,3.5
2020-11-08,Being Elmo: A Puppeteer's Journey,2011,https://boxd.it/2xH6,3
2020-11-08,King of New York,1990,https://boxd.it/1Ynq,4.5
2020-11-09,Days of Heaven,1978,https://boxd.it/1JRg,4
2020-11-09,One Last Time,2020,https://boxd.it/nYEA,2.5
2020-11-09,The Act of Killing,2012,https://boxd.it/44Cg,4
2020-11-10,The Last Black Man in San Francisco,2019,https://boxd.it/iWAw,4.5
2020-11-11,Belly,1998,https://boxd.it/1R5Y,3.5
2020-11-11,The Impossible,2012,https://boxd.it/2N9k,3
2020-11-12,20th Century Women,2016,https://boxd.it/bqU6,4.5
2020-11-12,The Forty-Year-Old Version,2020,https://boxd.it/mYXq,3.5
2020-11-13,LA 92,2017,https://boxd.it/g4Ca,4
2020-11-13,Basic Instinct,1992,https://boxd.it/2asM,3.5
2020-11-13,The Long Goodbye,1973,https://boxd.it/281O,4.5
2020-11-15,Rashomon,1950,https://boxd.it/2a9K,5
2020-11-15,Eternal Sunshine of the Spotless Mind,2004,https://boxd.it/6YK,5
2020-11-16,Prisoners,2013,https://boxd.it/4E5i,4.5
2020-11-17,The Matrix Reloaded,2003,https://boxd.it/2a1c,3.5
2020-11-17,The Martian,2015,https://boxd.it/8SeG,4.5
2020-11-17,Enola Holmes,2020,https://boxd.it/hX2o,2.5
2020-11-17,Cool Hand Luke,1967,https://boxd.it/29jY,4
2020-11-18,The Lord of the Rings: The Fellowship of the Ring,2001,https://boxd.it/2b5O,4.5
2020-11-19,The Lord of the Rings: The Two Towers,2002,https://boxd.it/2b5E,4.5
2020-11-19,Possessor,2020,https://boxd.it/fsJW,4
2020-11-20,Green Room,2015,https://boxd.it/a75m,4
2020-11-21,Kevin Hart: Zero F**ks Given,2020,https://boxd.it/sI92,2.5
2020-11-21,LEGO Star Wars Holiday Special,2020,https://boxd.it/rtpC,3.5
2020-11-22,Straight Outta Compton,2015,https://boxd.it/8rMc,3.5
2020-11-23,The Hobbit: An Unexpected Journey,2012,https://boxd.it/GZk,3.5
2020-11-24,The Hobbit: The Desolation of Smaug,2013,https://boxd.it/nmS,3.5
2020-11-24,Boys State,2020,https://boxd.it/oiNW,4
2020-11-25,The Hobbit: The Battle of the Five Armies,2014,https://boxd.it/43aU,3
2020-11-25,Cast Away,2000,https://boxd.it/20i8,4
2020-11-25,Police Story 4: First Strike,1996,https://boxd.it/1YLC,3.5
2020-11-26,Toy Story 4,2019,https://boxd.it/9ALu,4
2020-11-26,Toy Story 2,1999,https://boxd.it/29qq,4
2020-11-27,Cloud Atlas,2012,https://boxd.it/2W60,3.5
2020-11-28,Jaws,1975,https://boxd.it/2a5e,4
2020-11-29,Ready Player One,2018,https://boxd.it/aZes,2.5
2020-11-29,Climax,2018,https://boxd.it/ikvo,4
2020-11-29,Roald Dahl's The Witches,2020,https://boxd.it/jk0C,2
2020-11-30,The Muppet Movie,1979,https://boxd.it/1UrS,4
2020-11-30,Love Actually,2003,https://boxd.it/2aeU,3
2020-12-01,Hidden Figures,2016,https://boxd.it/dgS4,3.5
2020-12-02,Empire of the Sun,1987,https://boxd.it/1X4i,3.5
2020-12-02,Loop,2020,https://boxd.it/l4OA,4.5
2020-12-02,Kitbull,2019,https://boxd.it/l4MY,5
2020-12-02,Booksmart,2019,https://boxd.it/igNS,4
2020-12-03,Onward,2020,https://boxd.it/io92,3
2020-12-03,The Big Lebowski,1998,https://boxd.it/2b6C,4
2020-12-04,Man of Steel,2013,https://boxd.it/FRk,3
2020-12-05,The Last of the Mohicans,1992,https://boxd.it/1YSo,3.5
2020-12-05,The Death of Stalin,2017,https://boxd.it/ea9Y,4
2020-12-06,Citizen Kane,1941,https://boxd.it/71O,4
2020-12-06,Happiest Season,2020,https://boxd.it/iS3I,3.5
2020-12-07,Mank,2020,https://boxd.it/mIuC,4
2020-12-07,Twelve Monkeys,1995,https://boxd.it/2beQ,3.5
2020-12-08,"Red, White and Blue",2020,https://boxd.it/siQE,3.5
2020-12-08,The Rainmaker,1997,https://boxd.it/1SD8,3.5
2020-12-08,Grease,1978,https://boxd.it/29YW,3
2020-12-08,Once Upon a Time in China,1991,https://boxd.it/1VOy,3.5
2020-12-08,Apollo 13,1995,https://boxd.it/2a6G,4
2020-12-09,His House,2020,https://boxd.it/l8Qq,3.5
2020-12-09,Barbershop,2002,https://boxd.it/1VPw,3
2020-12-09,Hero,2002,https://boxd.it/2bcq,4
2020-12-10,Gladiator,2000,https://boxd.it/2b9m,4
2020-12-12,For a Few Dollars More,1965,https://boxd.it/29eu,4
2020-12-12,"Monsters, Inc.",2001,https://boxd.it/2a46,4
2020-12-13,"Yes, God, Yes",2019,https://boxd.it/jaGS,3
2020-12-13,The 36th Chamber of Shaolin,1978,https://boxd.it/1SXC,4
2020-12-14,The Hunt for Red October,1990,https://boxd.it/28lk,3.5
2020-12-14,Basic,2003,https://boxd.it/1Vpy,2.5
2020-12-14,Twins,1988,https://boxd.it/1YxK,3
2020-12-15,Hara-Kiri: Death of a Samurai,2011,https://boxd.it/32BI,3.5
2020-12-16,Canvas,2020,https://boxd.it/sYQG,3.5
2020-12-16,Menace II Society,1993,https://boxd.it/1Yuc,4
2020-12-17,Piper,2016,https://boxd.it/dZaG,4
2020-12-17,La luna,2011,https://boxd.it/2WbO,3.5
2020-12-18,The Matrix Revolutions,2003,https://boxd.it/2a12,3.5
2020-12-19,Lilo & Stitch,2002,https://boxd.it/1TAY,4
2020-12-20,How to Train Your Dragon,2010,https://boxd.it/1WRy,3.5
2020-12-20,The Taking of Pelham One Two Three,1974,https://boxd.it/20lG,4.5
2020-12-21,X-Men: Days of Future Past,2014,https://boxd.it/4aRw,3
2020-12-21,WHAT DID JACK DO?,2017,https://boxd.it/jcWe,3.5
2020-12-22,Bad Lieutenant,1992,https://boxd.it/1Src,4
2020-12-22,Conan the Barbarian,1982,https://boxd.it/1YOm,3.5
2020-12-23,Blade of the Immortal,2017,https://boxd.it/f5Pi,3.5
2020-12-24,The Night Before,2015,https://boxd.it/9n9W,3.5
2020-12-24,Coherence,2013,https://boxd.it/6xza,4
2020-12-24,ParaNorman,2012,https://boxd.it/2FuY,3.5
2020-12-24,Home Alone,1990,https://boxd.it/29Fg,3
2020-12-24,Star Wars: Episode III - Revenge of the Sith,2005,https://boxd.it/27US,3
2020-12-25,Tombstone,1993,https://boxd.it/1SE6,4
2020-12-26,Soul,2020,https://boxd.it/ioLA,4.5
2020-12-27,Fast Five,2011,https://boxd.it/BgO,4
2020-12-27,The Lost World: Jurassic Park,1997,https://boxd.it/2azS,3
2020-12-27,Wonder Woman 1984,2020,https://boxd.it/gBtA,3
2020-12-28,The Killing of a Sacred Deer,2017,https://boxd.it/dZ5G,4
2020-12-30,How to Train Your Dragon 2,2014,https://boxd.it/2TRW,3
2020-12-30,How to Train Your Dragon: The Hidden World,2019,https://boxd.it/5a9w,3.5
2020-12-31,Die Hard 2,1990,https://boxd.it/28zw,3
2021-01-02,The Midnight Sky,2020,https://boxd.it/mK6C,3
2021-01-02,Rango,2011,https://boxd.it/QPk,3.5
2021-01-02,Sound of Metal,2019,https://boxd.it/i7Q4,4.5
2021-01-02,Mad Max: Fury Road,2015,https://boxd.it/2DjO,5
2021-01-03,Logan Lucky,2017,https://boxd.it/dZrs,3.5
2021-01-03,Invader Zim: Enter the Florpus,2019,https://boxd.it/gXDM,3.5
2021-01-03,Klaus,2019,https://boxd.it/ipoi,4
2021-01-04,Taste of Cherry,1997,https://boxd.it/1m8W,4
2021-01-04,Paths of Glory,1957,https://boxd.it/29b6,4
2021-01-04,The Emperor's New Groove,2000,https://boxd.it/1Tey,3.5
2021-01-06,Alien³,1992,https://boxd.it/20zS,3
2021-01-06,Stagecoach,1939,https://boxd.it/297S,4
2021-01-08,Samurai II: Duel at Ichijoji Temple,1955,https://boxd.it/1jf6,3.5
2021-01-08,He Got Game,1998,https://boxd.it/1YBs,3.5
2021-01-08,The Young and the Damned,1950,https://boxd.it/29AA,4
2021-01-09,The Band Concert,1935,https://boxd.it/2ftq,4
2021-01-10,An American Werewolf in London,1981,https://boxd.it/29yk,4
2021-01-11,Easy A,2010,https://boxd.it/17DK,3.5
2021-01-11,Tenet,2020,https://boxd.it/leq4,4.5
2021-01-12,Enemy of the State,1998,https://boxd.it/1XME,3
2021-01-12,Transformers,2007,https://boxd.it/280c,3
2021-01-12,Transformers: Revenge of the Fallen,2009,https://boxd.it/20gG,2
2021-01-13,Transformers: Dark of the Moon,2011,https://boxd.it/16aC,2
2021-01-14,Johnny Mnemonic,1995,https://boxd.it/1XBQ,3
2021-01-15,The 8 Diagram Pole Fighter,1984,https://boxd.it/1h2a,4.5
2021-01-16,Crippled Avengers,1978,https://boxd.it/12wk,4
2021-01-16,Executioners from Shaolin,1977,https://boxd.it/1B0S,3.5
2021-01-17,Chinatown,1974,https://boxd.it/29vU,5
2021-01-18,Heroes of the East,1978,https://boxd.it/10te,4
2021-01-18,The Insider,1999,https://boxd.it/1ZoE,4
2021-01-20,Final Fantasy VII: Advent Children,2005,https://boxd.it/29UK,3
2021-01-20,Mad Max,1979,https://boxd.it/1Y7i,3.5
2021-01-20,Berserk: The Golden Age Arc I - The Egg of the King,2012,https://boxd.it/3MLO,2.5
2021-01-21,Get on Up,2014,https://boxd.it/73bO,3
2021-01-23,Berserk: The Golden Age Arc II - The Battle for Doldrey,2012,https://boxd.it/3VWm,3
2021-01-23,One Night in Miami...,2020,https://boxd.it/oCUo,4
2021-01-24,Dr. Strangelove or: How I Learned to Stop Worrying and Love the Bomb,1964,https://boxd.it/29eY,4.5
2021-01-25,Semi-Pro,2008,https://boxd.it/1Qw0,2.5
2021-01-26,Berserk: The Golden Age Arc III - The Advent,2013,https://boxd.it/4Bb8,3.5
2021-01-27,Fritz the Cat,1972,https://boxd.it/1RCI,3
2021-01-27,Enter the Dragon,1973,https://boxd.it/1YCA,4
2021-01-30,Tiger,2021,https://boxd.it/tvnC,3.5
2021-01-31,Ratatouille,2007,https://boxd.it/27ww,5
2021-01-31,Nomadland,2020,https://boxd.it/lnRy,4
2021-02-01,Five Element Ninjas,1982,https://boxd.it/ZvS,3.5
2021-02-02,The Rise and Rise of Bitcoin,2014,https://boxd.it/9d3u,3
2021-02-04,In the Line of Duty 4,1989,https://boxd.it/134G,3.5
2021-02-04,BURN·E,2008,https://boxd.it/1QdM,3
2021-02-06,Stink Bomb,1995,https://boxd.it/DVFM,3
2021-02-06,Cannon Fodder,1995,https://boxd.it/6Ze,3
2021-02-06,Ninja Scroll,1993,https://boxd.it/1Ooe,4
2021-02-07,Samurai X: Trust & Betrayal,1999,https://boxd.it/zpak,4
2021-02-07,Memories,1995,https://boxd.it/Vz2,3.5
2021-02-07,Magnetic Rose,1995,https://boxd.it/DEsQ,3.5
2021-02-07,Small Fry,2011,https://boxd.it/2TdM,3
2021-02-09,Lady Snowblood,1973,https://boxd.it/26Fi,4
2021-02-10,The Great Mouse Detective,1986,https://boxd.it/1XlI,3.5
2021-02-11,Golgo 13: The Professional,1983,https://boxd.it/1HQ6,3.5
2021-02-13,The Five Venoms,1978,https://boxd.it/1Q5o,3.5
2021-02-13,No Country for Old Men,2007,https://boxd.it/21ew,5
2021-02-14,Bao,2018,https://boxd.it/iEl4,3.5
2021-02-15,Avengers: Age of Ultron,2015,https://boxd.it/3qi6,3.5
2021-02-16,New Jack City,1991,https://boxd.it/1UZK,3.5
2021-02-18,Marvel's Behind the Mask,2021,https://boxd.it/tDvu,3
2021-02-19,Avengers: Endgame,2019,https://boxd.it/9vE4,4.5
2021-02-19,Cinderella,1997,https://boxd.it/VNe,3
2021-02-22,The Little Things,2021,https://boxd.it/mdxU,3
2021-02-22,Iron Man 3,2013,https://boxd.it/2cBQ,4
2021-02-22,If Anything Happens I Love You,2020,https://boxd.it/qIv4,3.5
2021-02-22,Outside the Wire,2021,https://boxd.it/taq6,2
2021-02-23,Bill & Ted's Excellent Adventure,1989,https://boxd.it/28oI,3.5
2021-02-24,Aladdin,1992,https://boxd.it/29yE,4
2021-02-25,Thor: The Dark World,2013,https://boxd.it/2DqA,2.5
2021-02-28,The Princess and the Frog,2009,https://boxd.it/1WQq,3.5
2021-03-02,King Kong,1933,https://boxd.it/2aMM,4
2021-03-02,The Clockwork Elves,2020,https://boxd.it/tgpo,4
2021-03-02,It's a Sin,2021,https://boxd.it/tEyu,4.5
2021-03-03,Star Trek: The Motion Picture,1979,https://boxd.it/2b0O,3
2021-03-04,Inherent Vice,2014,https://boxd.it/5hla,4
2021-03-05,Star Trek Into Darkness,2013,https://boxd.it/uYE,3.5
2021-03-05,Star Trek II: The Wrath of Khan,1982,https://boxd.it/2b0u,4
2021-03-06,Star Trek Beyond,2016,https://boxd.it/5Ik4,4
2021-03-06,WandaVision,2021,https://boxd.it/sbGW,4
2021-03-06,Malcolm X,1992,https://boxd.it/27WE,4.5
2021-03-08,The Battle of Algiers,1966,https://boxd.it/1IRY,4.5
2021-03-08,Years and Years,2019,https://boxd.it/meLI,4
2021-03-11,Vinland Saga,2019,https://boxd.it/qdwU,4.5
2021-03-12,Kiki's Delivery Service,1989,https://boxd.it/1JAY,4
2021-03-14,Judas and the Black Messiah,2021,https://boxd.it/lsew,4
2021-03-15,Burrow,2020,https://boxd.it/s2KU,4
2021-03-15,South Park: The Pandemic Special,2020,https://boxd.it/s5Ze,3.5
2021-03-15,Wind,2019,https://boxd.it/l4OK,3.5
2021-03-15,The Princess Diaries,2001,https://boxd.it/1XCO,3
2021-03-16,"Three Billboards Outside Ebbing, Missouri",2017,https://boxd.it/ceBS,4
2021-03-16,Hacksaw Ridge,2016,https://boxd.it/azew,3.5
2021-03-16,Seoul Station,2016,https://boxd.it/dBYs,2
2021-03-17,Treasure Planet,2002,https://boxd.it/1Znm,3
2021-03-19,Zack Snyder's Justice League,2021,https://boxd.it/tLOk,3.5
2021-03-21,Boss Level,2021,https://boxd.it/iAkw,3.5
2021-03-22,Never-Ending Man: Hayao Miyazaki,2016,https://boxd.it/gqMw,3.5
2021-03-22,Rocky,1976,https://boxd.it/28Uk,4
2021-03-23,American Factory: A Conversation with the Obamas,2019,https://boxd.it/nidC,2
2021-03-23,Devilman Crybaby,2018,https://boxd.it/muwa,3.5
2021-03-24,Dredd,2012,https://boxd.it/GZE,3.5
2021-03-25,Lucy,2014,https://boxd.it/75hu,4
2021-03-26,OVERHEIGHT MUST TURN,2018,https://boxd.it/nNJE,2.5
2021-03-27,Raya and the Last Dragon,2021,https://boxd.it/jbkI,3.5
2021-03-28,Primal,2019,https://boxd.it/nJo8,4
2021-03-30,Tom & Jerry,2021,https://boxd.it/lCXG,1.5
2021-03-30,Emma.,2020,https://boxd.it/kmg0,3.5
2021-03-31,D2: The Mighty Ducks,1994,https://boxd.it/1UtO,2.5
2021-04-02,Godzilla vs. Kong,2021,https://boxd.it/e0qK,3.5
2021-04-02,Let Them All Talk,2020,https://boxd.it/n6sq,3.5
2021-04-03,It's Such a Beautiful Day,2012,https://boxd.it/hCY2,5
2021-04-04,The Book of Eli,2010,https://boxd.it/1Dnu,2.5
2021-04-05,Argo,2012,https://boxd.it/2czU,4
2021-04-06,48 Hrs.,1982,https://boxd.it/2b18,3.5
2021-04-07,Coach Carter,2005,https://boxd.it/218e,3.5
2021-04-08,The Day Sports Stood Still,2021,https://boxd.it/uh2s,3
2021-04-08,Tropic Thunder,2008,https://boxd.it/20WM,4
2021-04-10,I Care a Lot,2020,https://boxd.it/mcHk,3
2021-04-11,Middleditch & Schwartz,2020,https://boxd.it/pV28,5
2021-04-12,The Equalizer,2014,https://boxd.it/4TUK,3.5
2021-04-14,Float,2019,https://boxd.it/l4OU,3.5
2021-04-15,Sneakers,1992,https://boxd.it/26VU,3.5
2021-04-17,Nobody,2021,https://boxd.it/mLqS,4
2021-04-18,The Dead Don't Die,2019,https://boxd.it/juZg,3
2021-04-21,Star Trek III: The Search for Spock,1984,https://boxd.it/2b00,3
2021-04-22,Wheels on Meals,1984,https://boxd.it/1Unm,4
2021-04-23,The Silence,2019,https://boxd.it/j9UE,2
2021-04-23,The Night Comes for Us,2018,https://boxd.it/g2lc,3.5
2021-04-23,The Wire,1996,https://boxd.it/nRUw,3.5
2021-04-23,Atlanta’s Olympic Glory,1997,https://boxd.it/gSMa,2.5
2021-04-24,Fallen Angels,1995,https://boxd.it/1UkW,4.5
2021-04-28,In the Absence,2018,https://boxd.it/lOs6,3.5
2021-04-28,The Hunger Games,2012,https://boxd.it/2uds,2.5
2021-04-29,Fantastic Planet,1973,https://boxd.it/1KnQ,4
2021-04-30,Mortal Kombat Legends: Scorpion's Revenge,2020,https://boxd.it/oJGS,3
2021-04-30,Days of Being Wild,1990,https://boxd.it/1HbC,4
2021-05-01,Concrete Cowboy,2020,https://boxd.it/n15Q,3
2021-05-01,Mortal Kombat,2021,https://boxd.it/gswA,2.5
2021-05-02,22 vs. Earth,2021,https://boxd.it/uyDA,2.5
2021-05-06,The Mitchells vs. The Machines,2021,https://boxd.it/i7xm,4
2021-05-06,Nosferatu the Vampyre,1979,https://boxd.it/21J0,3.5
2021-05-07,Society,1989,https://boxd.it/1ARc,3
2021-05-08,Demon Slayer: Kimetsu no Yaiba,2019,https://boxd.it/pKsE,3.5
2021-05-09,Demon Slayer – Kimetsu no Yaiba – The Movie: Mugen Train,2020,https://boxd.it/nyLU,3.5
2021-05-10,Tom Clancy's Without Remorse,2021,https://boxd.it/kNyA,2.5
2021-05-11,Young Frankenstein,1974,https://boxd.it/25To,4
2021-05-12,The Grandmaster,2013,https://boxd.it/QU0,3
2021-05-12,"Love, Death & Robots: Beyond the Aquila Rift",2019,https://boxd.it/lGTe,2.5
2021-05-12,"Love, Death & Robots: The Witness",2019,https://boxd.it/lFO8,3
2021-05-12,"Love, Death & Robots: When the Yogurt Took Over",2019,https://boxd.it/lFSY,3
2021-05-12,"Love, Death & Robots: Zima Blue",2019,https://boxd.it/lJGM,4
2021-05-13,Day of the Dead,1985,https://boxd.it/20dM,4
2021-05-18,Lethal Weapon 2,1989,https://boxd.it/29dQ,4
2021-05-19,The Girl with All the Gifts,2016,https://boxd.it/d2lg,3
2021-05-19,The Beguiled,2017,https://boxd.it/dZ1k,3.5
2021-05-20,"Love, Death & Robots: Pop Squad",2021,https://boxd.it/vhLE,3.5
2021-05-20,Oxygen,2021,https://boxd.it/gU16,2.5
2021-05-20,"Love, Death & Robots: All Through the House",2021,https://boxd.it/vhXA,3
2021-05-20,"Love, Death & Robots: Ice Age",2019,https://boxd.it/lJG8,3
2021-05-21,Lethal Weapon 3,1992,https://boxd.it/29dG,3
2021-05-22,Lethal Weapon 4,1998,https://boxd.it/29dw,2.5
2021-05-22,Turbo Kid,2015,https://boxd.it/9X0c,3.5
2021-05-23,Creating an Army of the Dead,2021,https://boxd.it/vn6M,2
2021-05-23,Thirst,2009,https://boxd.it/1Aqq,4
2021-05-24,I Saw the Devil,2010,https://boxd.it/FaK,4
2021-05-25,Army of the Dead,2021,https://boxd.it/ic7S,2.5
2021-05-25,The Adventures of Tintin,2011,https://boxd.it/1Irc,3
2021-05-26,Hot Fuzz,2007,https://boxd.it/2416,4
2021-05-27,Red Dawn,1984,https://boxd.it/27X8,2.5
2021-05-27,Rumble in the Bronx,1995,https://boxd.it/1fi6,4
2021-05-28,Predator,1987,https://boxd.it/2b84,4
2021-05-28,2012,2009,https://boxd.it/1OE2,2
2021-05-29,Barry Lyndon,1975,https://boxd.it/25A2,4.5
2021-05-29,Rurouni Kenshin Part I: Origins,2012,https://boxd.it/4aIO,3
2021-05-30,Jiro Dreams of Sushi,2011,https://boxd.it/2ONU,4
2021-05-30,Rurouni Kenshin Part II: Kyoto Inferno,2014,https://boxd.it/6zM6,4
2021-05-30,Rurouni Kenshin Part III: The Legend Ends,2014,https://boxd.it/6zMg,3.5
2021-05-31,"Love, Death & Robots: The Drowned Giant",2021,https://boxd.it/vdRo,3.5
2021-05-31,Monty Python and the Holy Grail,1975,https://boxd.it/29GI,3.5
2021-06-01,Hard Boiled,1992,https://boxd.it/1T6a,4.5
2021-06-02,Rosewood,1997,https://boxd.it/1vsc,3.5
2021-06-04,As the Gods Will,2014,https://boxd.it/76T0,2.5
2021-06-04,Us Again,2021,https://boxd.it/thCe,3.5
2021-06-05,A Quiet Place Part II,2020,https://boxd.it/iTx0,3.5
2021-06-06,Children of Men,2006,https://boxd.it/1Y2i,5
2021-06-06,The Langoliers,1995,https://boxd.it/4NUO,2
2021-06-06,Shaft,2019,https://boxd.it/htPq,2
2021-06-07,The Equalizer 2,2018,https://boxd.it/bAEW,3
2021-06-08,Bo Burnham: Inside,2021,https://boxd.it/v2uy,4.5
2021-06-08,Ninja Assassin,2009,https://boxd.it/1zZ0,2.5
2021-06-09,Coraline,2009,https://boxd.it/1NhQ,4
2021-06-09,Over the Garden Wall,2014,https://boxd.it/eqFw,4.5
2021-06-11,"Love, Death & Robots: Automated Customer Service",2021,https://boxd.it/vhLk,2.5
2021-06-11,Constantine,2005,https://boxd.it/2a7E,3
2021-06-13,Cruella,2021,https://boxd.it/bbKg,3
2021-06-14,16 Blocks,2006,https://boxd.it/27cc,3.5
2021-06-15,Stoker,2013,https://boxd.it/34S2,3.5
2021-06-16,Shaft,2000,https://boxd.it/2aiW,2.5
2021-06-18,2 Fast 2 Furious,2003,https://boxd.it/2a4g,3
2021-06-19,Rush,2013,https://boxd.it/3lyS,3.5
2021-06-19,Millennium Actress,2001,https://boxd.it/1fK0,4
2021-06-19,The Little Prince(ss),2021,https://boxd.it/uPPe,3.5
2021-06-20,Superbad,2007,https://boxd.it/20hO,3.5
2021-06-20,The SpongeBob SquarePants Movie,2004,https://boxd.it/1SYq,4
2021-06-21,Bambi Meets Godzilla,1969,https://boxd.it/25AG,3.5
2021-06-23,Willy's Wonderland,2021,https://boxd.it/nTcG,2.5
2021-06-23,Fast & Furious,2009,https://boxd.it/1Pnm,3
2021-06-25,The Fast and the Furious,2001,https://boxd.it/1XMu,3
2021-06-26,Furious 7,2015,https://boxd.it/5cVs,3.5
2021-06-27,Initial D,2005,https://boxd.it/1K9Y,2.5
2021-06-28,F9,2021,https://boxd.it/dqsU,3
2021-06-29,Twilight,2008,https://boxd.it/1Zui,2.5
2021-06-30,6 Underground,2019,https://boxd.it/irU6,2
2021-06-30,In the Heights,2021,https://boxd.it/gLhu,4
2021-07-03,The Purge: Anarchy,2014,https://boxd.it/71zk,3.5
2021-07-04,Resident Evil: Apocalypse,2004,https://boxd.it/28yS,2
2021-07-06,No Sudden Move,2021,https://boxd.it/o7WS,4
2021-07-06,New Initial D the Movie - Legend 1: Awakening,2014,https://boxd.it/8bfQ,3
2021-07-06,New Initial D the Movie - Legend 2: Racer,2015,https://boxd.it/aqxO,3.5
2021-07-08,The Italian Job,1969,https://boxd.it/1W1i,3.5
2021-07-08,The Tomorrow War,2021,https://boxd.it/lE78,3
2021-07-09,Independence Day,1996,https://boxd.it/2a1w,3
2021-07-10,Resident Evil: Infinite Darkness,2021,https://boxd.it/w1Ek,2.5
2021-07-10,Fear Street: 1994,2021,https://boxd.it/lLBk,2.5
2021-07-10,Underworld,2003,https://boxd.it/2aHs,2.5
2021-07-11,Mobile Suit Gundam: The Origin I - Blue-Eyed Casval,2015,https://boxd.it/aMzW,4
2021-07-12,Mobile Suit Gundam: The Origin II - Artesia's Sorrow,2015,https://boxd.it/cMCg,3
2021-07-12,Mobile Suit Gundam: The Origin III - Dawn of Rebellion,2016,https://boxd.it/dUV8,3.5
2021-07-12,Mobile Suit Gundam: The Origin IV – Eve of Destiny,2016,https://boxd.it/ecmA,4
2021-07-13,Mobile Suit Gundam: The Origin V: Clash at Loum,2017,https://boxd.it/fchs,4
2021-07-13,Mobile Suit Gundam Hathaway,2021,https://boxd.it/pzxy,3.5
2021-07-13,Fear Street: 1978,2021,https://boxd.it/lLBu,3
2021-07-15,Luca,2021,https://boxd.it/ipjC,4
2021-07-15,Loki,2021,https://boxd.it/sbHg,4.5
2021-07-16,Blackhat,2015,https://boxd.it/62Te,2.5
2021-07-16,The Raid,2011,https://boxd.it/3hBy,4
2021-07-18,The Raid 2,2014,https://boxd.it/5uz0,4.5
2021-07-19,Space Jam,1996,https://boxd.it/26YO,2
2021-07-19,Tokyo Mater,2008,https://boxd.it/1xS2,3
2021-07-19,Cars,2006,https://boxd.it/29ho,3.5
2021-07-20,Cars 2,2011,https://boxd.it/H4Y,2
2021-07-20,Space Jam: A New Legacy,2021,https://boxd.it/dd9A,1.5
2021-07-20,Cars 3,2017,https://boxd.it/7IPq,3
2021-07-21,The Last Dance,2020,https://boxd.it/pVfc,4
2021-07-22,The Twilight Saga: New Moon,2009,https://boxd.it/1Hj2,2.5
2021-07-23,The Twilight Saga: Eclipse,2010,https://boxd.it/1ytW,2
2021-07-23,The Twilight Saga: Breaking Dawn - Part 1,2011,https://boxd.it/DdM,2
2021-07-24,The Twilight Saga: Breaking Dawn - Part 2,2012,https://boxd.it/DdC,2.5
2021-07-24,Underworld: Evolution,2006,https://boxd.it/29v6,2
2021-07-26,"Woodstock 99: Peace, Love, and Rage",2021,https://boxd.it/w1pa,3
2021-07-26,Underworld: Awakening,2012,https://boxd.it/yMs,2
2021-07-28,Safe House,2012,https://boxd.it/hbk,2.5
2021-07-29,AVP: Alien vs. Predator,2004,https://boxd.it/2atU,2.5
2021-07-29,Stargate,1994,https://boxd.it/27iu,3
2021-07-29,Lockout,2012,https://boxd.it/2Ruw,3.5
2021-07-30,Joe Dirt,2001,https://boxd.it/1UZ6,2.5
2021-08-02,Old,2021,https://boxd.it/npKI,3.5
2021-08-04,Assault on Precinct 13,2005,https://boxd.it/1Zsw,3
2021-08-04,Don't Be a Menace to South Central While Drinking Your Juice in the Hood,1996,https://boxd.it/1VQa,3.5
2021-08-04,Blood Red Sky,2021,https://boxd.it/sArW,2.5
2021-08-04,The Cloverfield Paradox,2018,https://boxd.it/doVA,2.5
2021-08-04,Jurassic World: Fallen Kingdom,2018,https://boxd.it/bOnU,2
2021-08-06,Escape Room,2019,https://boxd.it/iYlS,3.5
2021-08-08,Ocean's Eleven,1960,https://boxd.it/2aEo,3
2021-08-08,The Suicide Squad,2021,https://boxd.it/fw6O,4
2021-08-09,Streets of Fire,1984,https://boxd.it/1Nt8,4
2021-08-10,Dark Star,1974,https://boxd.it/28Ow,3
2021-08-11,Hulk,2003,https://boxd.it/27PS,3
2021-08-13,Pitch Black,2000,https://boxd.it/26iS,3
2021-08-13,Hellboy,2004,https://boxd.it/28HK,3
2021-08-14,Pet Sematary,2019,https://boxd.it/4W0q,1.5
2021-08-16,Assault on Precinct 13,1976,https://boxd.it/1I2c,4
2021-08-17,The Fog,1980,https://boxd.it/29Cc,3
2021-08-18,Lake Mungo,2008,https://boxd.it/1rWM,4
2021-08-18,The Sky,2020,https://boxd.it/q27O,3
2021-08-22,The Imagineering Story,2019,https://boxd.it/qp3q,3.5
2021-08-22,Terminator: Dark Fate,2019,https://boxd.it/96YI,3
2021-08-22,Love and Monsters,2020,https://boxd.it/lJ6E,3
2021-08-22,Bloodshot,2020,https://boxd.it/bfG8,4
2021-08-23,Evangelion: 1.0 You Are (Not) Alone,2007,https://boxd.it/1MKi,3.5
2021-08-23,Evangelion: 2.0 You Can (Not) Advance,2009,https://boxd.it/1zYm,4
2021-08-24,Halloween,1978,https://boxd.it/2wRu,4
2021-08-24,Evangelion: 3.0 You Can (Not) Redo,2012,https://boxd.it/2BwG,3.5
2021-08-25,High-Rise,2015,https://boxd.it/7tmo,3
2021-08-27,Untold: Malice at the Palace,2021,https://boxd.it/wnUa,3
2021-08-27,Rurouni Kenshin: The Beginning,2021,https://boxd.it/p30s,3
2021-08-28,The Wages of Fear,1953,https://boxd.it/2aSK,4
2021-08-29,Jurassic Park III,2001,https://boxd.it/2azI,2.5
2021-08-30,Out,2020,https://boxd.it/qs3I,3.5
2021-08-31,Mobile Suit Gundam I,1981,https://boxd.it/14bo,3.5
2021-08-31,The Da Vinci Code,2006,https://boxd.it/2a3i,2
2021-09-02,The Sum of All Fears,2002,https://boxd.it/242I,3.5
2021-09-03,Brand New Cherry Flavor,2021,https://boxd.it/wlSQ,3.5
2021-09-03,Shang-Chi and the Legend of the Ten Rings,2021,https://boxd.it/kLDI,3.5
2021-09-04,Riddick,2013,https://boxd.it/35Jq,3.5
2021-09-07,The Vault,2021,https://boxd.it/nleI,2.5
2021-09-07,Escape from New York,1981,https://boxd.it/294k,3.5
2021-09-08,The Bank Job,2008,https://boxd.it/1ZL4,3
2021-09-09,Evangelion: 3.0+1.0 Thrice Upon a Time,2021,https://boxd.it/8LnQ,4.5
2021-09-09,Slither,2006,https://boxd.it/1Zks,4
2021-09-10,Avengement,2019,https://boxd.it/jsp6,3.5
2021-09-10,Real Steel,2011,https://boxd.it/147m,2.5
2021-09-10,Shin Godzilla,2016,https://boxd.it/a9lm,4
2021-09-12,Speed Racer,2008,https://boxd.it/20UQ,4
2021-09-12,Cinderella,2021,https://boxd.it/lSCY,1
2021-09-13,Hercules,1997,https://boxd.it/1SDW,4
2021-09-13,The Discovery,2017,https://boxd.it/d4gC,3.5
2021-09-13,The Platform,2019,https://boxd.it/mUm6,3
2021-09-14,Malignant,2021,https://boxd.it/mViE,3.5
2021-09-15,Gunpowder Milkshake,2021,https://boxd.it/l5fQ,3
2021-09-16,Schumacher,2021,https://boxd.it/wk2k,4
2021-09-21,Escape Room: Tournament of Champions,2021,https://boxd.it/lwCM,3.5
2021-09-22,Dirty Harry,1971,https://boxd.it/299E,3.5
2021-09-23,Christine,1983,https://boxd.it/1ZRQ,4
2021-09-25,The Duel,2021,https://boxd.it/x5aq,4
2021-09-25,The Mummy,1999,https://boxd.it/2a7a,4
2021-09-27,Labyrinth,1986,https://boxd.it/1POC,4
2021-09-27,The Mummy Returns,2001,https://boxd.it/28cs,2.5
2021-09-29,Starman,1984,https://boxd.it/1Y6O,4
2021-09-30,The Day After Tomorrow,2004,https://boxd.it/2aog,2
2021-09-30,Squid Game,2021,https://boxd.it/x1OG,4
2021-10-01,Venom,2018,https://boxd.it/b8wA,2.5
2021-10-01,House,1977,https://boxd.it/1vsm,4
2021-10-03,Star Wars: Galaxy's Edge - Adventure Awaits,2019,https://boxd.it/n7dQ,3
2021-10-04,A Nightmare on Elm Street,1984,https://boxd.it/2aw0,4
2021-10-05,Big Trouble in Little China,1986,https://boxd.it/21em,3.5
2021-10-05,Léon: The Professional,1994,https://boxd.it/2b8S,4
2021-10-06,Green Lantern,2011,https://boxd.it/QN4,2
2021-10-08,Black Widow,2021,https://boxd.it/hWV8,3
2021-10-08,Dragon Inn,1967,https://boxd.it/3xGa,4.5
2021-10-11,Snake Eyes: G.I. Joe Origins,2021,https://boxd.it/kRf8,2.5
2021-10-13,Fearless,2006,https://boxd.it/20Qa,3.5
2021-10-16,It Chapter Two,2019,https://boxd.it/h10u,3
2021-10-17,Chappie,2015,https://boxd.it/5Y3e,3
2021-10-18,Captain America: The Winter Soldier,2014,https://boxd.it/3r58,4.5
2021-10-19,The Falcon and the Winter Soldier,2021,https://boxd.it/sbH6,3.5
2021-10-25,Deep Cover,1992,https://boxd.it/1D5g,4
2021-10-26,Dune,2021,https://boxd.it/fA7G,4
2021-10-27,Desperado,1995,https://boxd.it/20Bk,3.5
2021-10-28,Jawbreaker,1999,https://boxd.it/1G7a,3
2021-10-31,Dune,1984,https://boxd.it/29tY,3
2021-11-03,A Knight's Tale,2001,https://boxd.it/1YAk,3.5
2021-11-03,In the Mouth of Madness,1994,https://boxd.it/26vi,3.5
2021-11-04,Total Recall,2012,https://boxd.it/Ro,2
2021-11-04,V for Vendetta,2005,https://boxd.it/29Ik,3.5
2021-11-04,Watchmen,2009,https://boxd.it/1QE4,3
2021-11-07,Solaris,2002,https://boxd.it/27qS,3.5
2021-11-07,Bright: Samurai Soul,2021,https://boxd.it/vEqa,2.5
2021-11-07,Lights Out,2013,https://boxd.it/7GU4,3.5
2021-11-07,Event Horizon,1997,https://boxd.it/20d8,3.5
2021-11-09,The Invisible Man,2020,https://boxd.it/kWlA,4
2021-11-10,The Conjuring: The Devil Made Me Do It,2021,https://boxd.it/eXZY,3
2021-11-10,The Conjuring,2013,https://boxd.it/4sr2,3.5
2021-11-17,"The Simpsons: The Good, the Bart, and the Loki",2021,https://boxd.it/vUPq,2.5
2021-11-17,Maggie Simpson in The Force Awakens from Its Nap,2021,https://boxd.it/v7eK,3
2021-11-17,The Simpsons in Plusaversary,2021,https://boxd.it/x5vI,2
2021-11-19,Eternals,2021,https://boxd.it/j36o,4
2021-11-19,Maggie Simpson in Playdate with Destiny,2020,https://boxd.it/p5My,2.5
2021-11-21,Baywatch,2017,https://boxd.it/biG6,2
2021-11-23,Love Hard,2021,https://boxd.it/rxXS,2
2021-11-23,Tag,2018,https://boxd.it/gh7Y,2.5
2021-11-25,A Taxi Driver,2017,https://boxd.it/fwac,4
2021-11-27,Spider-Man 3,2007,https://boxd.it/2a7Y,2.5
2021-11-29,Ghosts of Mars,2001,https://boxd.it/1Xik,2.5
2021-11-30,The Harder They Fall,2021,https://boxd.it/mRCU,4
2021-12-01,Red Notice,2021,https://boxd.it/ixtq,2
2021-12-02,Spawn,1997,https://boxd.it/1WvM,2.5
2021-12-02,Vampires,1998,https://boxd.it/1XsY,3
2021-12-03,Disney's FastPass: A Complicated History,2021,https://boxd.it/EnIY,4
2021-12-05,No Time to Die,2021,https://boxd.it/cPX2,3.5
2021-12-06,Kill Bill: Vol. 2,2004,https://boxd.it/2au4,4
2021-12-07,LEGO Star Wars Terrifying Tales,2021,https://boxd.it/woeY,2.5
2021-12-07,Man on Fire,2004,https://boxd.it/1Yvk,3.5
2021-12-07,Bee Movie,2007,https://boxd.it/22Vw,2
2021-12-07,The Fundamentals of Caring,2016,https://boxd.it/aiai,4
2021-12-07,Bodyguard,2018,https://boxd.it/vC2U,3.5
2021-12-07,Killing Them Softly,2012,https://boxd.it/IQ,3.5
2021-12-08,Venom: Let There Be Carnage,2021,https://boxd.it/llco,3
2021-12-08,Astroworld: Concert from Hell,2021,https://boxd.it/ydHO,3
2021-12-08,Training Day,2001,https://boxd.it/27A4,4
2021-12-10,Clan of the White Lotus,1980,https://boxd.it/Zw2,3.5
2021-12-13,The Power of the Dog,2021,https://boxd.it/m99E,4.5
2021-12-13,Looper,2012,https://boxd.it/ham,3
2021-12-14,14 Peaks: Nothing Is Impossible,2021,https://boxd.it/xDcA,3.5
2021-12-14,Con Air,1997,https://boxd.it/28gO,3
2021-12-15,The Green Knight,2021,https://boxd.it/kuy2,4
2021-12-16,The Amazing Spider-Man,2012,https://boxd.it/27PI,2.5
2021-12-17,The Amazing Spider-Man 2,2014,https://boxd.it/3utM,2
2021-12-20,The Mask of Zorro,1998,https://boxd.it/1YVi,3
2021-12-20,Spider-Man: No Way Home,2021,https://boxd.it/nwRw,4
2021-12-21,Project X,2012,https://boxd.it/neO,2
2021-12-23,Hawkeye,2021,https://boxd.it/xQqK,4
2021-12-23,The Alpinist,2021,https://boxd.it/psEM,3
2021-12-23,The Matrix Resurrections,2021,https://boxd.it/n87k,3.5
2021-12-23,Rare Exports: A Christmas Tale,2010,https://boxd.it/IyU,3
2021-12-23,American Gangster,2007,https://boxd.it/23wi,4
2021-12-26,The Apartment,1960,https://boxd.it/2aGE,4.5
2021-12-27,Mobile Suit Gundam II: Soldiers of Sorrow,1981,https://boxd.it/14be,3.5
2021-12-27,North by Northwest,1959,https://boxd.it/2aRM,4
2021-12-28,Monster Hunter,2020,https://boxd.it/gnB6,2.5
2021-12-28,Mobile Suit Gundam III: Encounters in Space,1982,https://boxd.it/14b4,4.5
2021-12-29,Gangs of New York,2002,https://boxd.it/25FG,3.5
2021-12-30,Fyre,2019,https://boxd.it/kP0g,3
2021-12-30,The Highwaymen,2019,https://boxd.it/i4ie,3
2021-12-30,The Four Troublesome Heads,1898,https://boxd.it/GoS,3
2021-12-30,The Infernal Cauldron,1903,https://boxd.it/1K2I,3.5
2021-12-30,The Astronomer's Dream,1898,https://boxd.it/3yr6,3.5
2021-12-30,A Trip to the Moon,1902,https://boxd.it/29EC,4
2022-01-03,The Giver,2014,https://boxd.it/6HWo,2
2022-01-04,Light of My Life,2019,https://boxd.it/fGxK,3.5
2022-01-05,Unhinged,2020,https://boxd.it/najM,2
2022-01-05,300,2006,https://boxd.it/28XI,3
2022-01-06,Troy,2004,https://boxd.it/29TW,3
2022-01-07,The Passion of Joan of Arc,1928,https://boxd.it/29DO,4
2022-01-07,In Time,2011,https://boxd.it/FPS,2
2022-01-07,Terminator 3: Rise of the Machines,2003,https://boxd.it/2aES,2.5
2022-01-08,Braveheart,1995,https://boxd.it/2aTI,3.5
2022-01-09,The Longest Yard,2005,https://boxd.it/1Z3c,3
2022-01-10,Let It Fall: Los Angeles 1982-1992,2017,https://boxd.it/g7aS,4
2022-01-11,We Were Soldiers,2002,https://boxd.it/1VSA,2.5
2022-01-12,I Am Legend,2007,https://boxd.it/21DG,3
2022-01-12,Snatch,2000,https://boxd.it/2b7U,3.5
2022-01-13,The Lost Boys,1987,https://boxd.it/28DI,3.5
2022-01-14,In the Heat of the Night,1967,https://boxd.it/1VLY,4
2022-01-14,Encanto,2021,https://boxd.it/kPRu,4
2022-01-14,The Rescue,2021,https://boxd.it/pmto,3.5
2022-01-14,Willy Wonka & the Chocolate Factory,1971,https://boxd.it/2aLu,3.5
2022-01-15,The Great Gatsby,2013,https://boxd.it/JY,2.5
2022-01-16,Another Round,2020,https://boxd.it/lkba,4
2022-01-19,G.I. Joe: The Rise of Cobra,2009,https://boxd.it/1Ndu,2
2022-01-19,The Karate Kid,2010,https://boxd.it/15HA,2
2022-01-19,Percy Jackson & the Olympians: The Lightning Thief,2010,https://boxd.it/1gJi,2.5
2022-01-20,Jungle Cruise,2021,https://boxd.it/g4YK,2.5
2022-01-21,Boyz n the Hood,1991,https://boxd.it/29Ug,4.5
2022-01-22,The Man in the Iron Mask,1998,https://boxd.it/1YZO,2.5
2022-01-23,Bullitt,1968,https://boxd.it/29i2,3.5
2022-01-23,Ghostbusters: Afterlife,2021,https://boxd.it/f4Pw,2.5
2022-01-24,Kung Fu Panda,2008,https://boxd.it/1Yws,3
2022-01-25,Ciao Alberto,2021,https://boxd.it/x4F8,3.5
2022-01-27,Two Friends,1986,https://boxd.it/43FS,3
2022-01-27,Charlie and the Chocolate Factory,2005,https://boxd.it/2b68,2.5
2022-01-28,Paddington,2014,https://boxd.it/3RKw,4
2022-01-28,Jumanji,1995,https://boxd.it/1ZLI,3
2022-01-29,Hoosiers,1986,https://boxd.it/22Ke,3.5
2022-01-30,The Last Boy Scout,1991,https://boxd.it/1YYQ,3.5
2022-01-31,Kate,2021,https://boxd.it/m2qy,2.5
2022-02-01,The Last Duel,2021,https://boxd.it/mQbe,4
2022-02-02,Pig,2021,https://boxd.it/nzoW,4
2022-02-03,An Impossible Balancing Feat,1902,https://boxd.it/3ETA,2.5
2022-02-07,Bram Stoker's Dracula,1992,https://boxd.it/223a,3.5
2022-02-07,Moonfall,2022,https://boxd.it/ejwM,2.5
2022-02-07,Moonrise Kingdom,2012,https://boxd.it/2Wng,4
2022-02-07,Godzilla,1998,https://boxd.it/29fW,1.5
2022-02-09,Euphoria: Trouble Don't Last Always,2020,https://boxd.it/ta4a,3.5
2022-02-10,Euphoria: F*ck Anyone Who’s Not a Sea Blob,2021,https://boxd.it/tMkU,4
2022-02-12,The Great Escape,1963,https://boxd.it/22kA,4
2022-02-13,Despicable Me 2,2013,https://boxd.it/3gg0,2
2022-02-14,Haunted Boat,2005,https://boxd.it/Weu,1.5
2022-02-14,Pulse,2006,https://boxd.it/1Y44,2
2022-02-15,The Hunger Games: Catching Fire,2013,https://boxd.it/3sAw,2.5
2022-02-16,Jackass: The Movie,2002,https://boxd.it/1Zo0,3
2022-02-17,Audible,2021,https://boxd.it/uV2M,3.5
2022-02-17,Lava,2014,https://boxd.it/8S9G,2.5
2022-02-19,The Hunger Games: Mockingjay - Part 2,2015,https://boxd.it/4hk0,2.5
2022-02-20,Licorice Pizza,2021,https://boxd.it/qTKY,3.5
2022-02-20,Jackass Number Two,2006,https://boxd.it/1SyM,3
2022-02-21,The One,2001,https://boxd.it/1Vni,2.5
2022-02-21,Warrior,2011,https://boxd.it/i3G,4
2022-02-22,White Men Can't Jump,1992,https://boxd.it/1WWy,4
2022-02-23,Best of the Best,1989,https://boxd.it/71Nc,3
2022-02-26,Nightmare Alley,2021,https://boxd.it/m0HC,3
2022-02-26,Attack on Titan,2015,https://boxd.it/9mIc,2
2022-02-26,Free Guy,2021,https://boxd.it/k8dm,2.5
2022-02-28,Attack on Titan: Wings of Freedom,2015,https://boxd.it/aO9G,3.5
2022-02-28,Attack on Titan: The Roar of Awakening,2018,https://boxd.it/hLIs,4
2022-03-01,The Lovebirds,2020,https://boxd.it/labE,3
2022-03-03,Superman Returns,2006,https://boxd.it/28J2,3
2022-03-03,Batman Begins,2005,https://boxd.it/2aIg,3.5
2022-03-04,Shrek,2001,https://boxd.it/29zi,2.5
2022-03-05,Jackass 3D,2010,https://boxd.it/1KpM,3
2022-03-06,The Rock,1996,https://boxd.it/1XM0,3.5
2022-03-07,NO PAIN IN VAIN - The Shocking Life of Steve-O,2020,https://boxd.it/wExM,3
2022-03-07,This House Has People in It,2016,https://boxd.it/dwYW,3.5
2022-03-08,Just Like Heaven,2005,https://boxd.it/1ZoO,2.5
2022-03-09,Platoon,1986,https://boxd.it/29BS,3.5
2022-03-09,The Batman,2022,https://boxd.it/eDGs,4.5
2022-03-10,A Man Named Scott,2021,https://boxd.it/xBYM,4
2022-03-11,Unleashed,2005,https://boxd.it/1Xgy,3
2022-03-12,Justice League: The Flashpoint Paradox,2013,https://boxd.it/5yWW,3.5
2022-03-12,Land of the Dead,2005,https://boxd.it/1Tfm,2.5
2022-03-12,Get Shorty,1995,https://boxd.it/20Ga,3.5
2022-03-14,My Cousin Vinny,1992,https://boxd.it/1WpO,4
2022-03-15,Titane,2021,https://boxd.it/nlQC,4
2022-03-16,Battleship,2012,https://boxd.it/QZ0,2
2022-03-21,Marvel One-Shot: All Hail the King,2014,https://boxd.it/7suG,3
2022-03-21,Team Thor,2016,https://boxd.it/eznm,3
2022-03-21,West Side Story,2021,https://boxd.it/iwt0,4
2022-03-21,The King's Man,2021,https://boxd.it/h714,2.5
2022-03-21,Rosemary's Baby,1968,https://boxd.it/29zM,4
2022-03-24,Mobile Suit Gundam: The 08th MS Team,1996,https://boxd.it/tS2C,4
2022-03-25,Gone in Sixty Seconds,2000,https://boxd.it/1Y4y,3.5
2022-03-26,Turning Red,2022,https://boxd.it/ipkq,4
2022-03-28,King Richard,2021,https://boxd.it/mJZ2,3.5
2022-03-29,Predators,2010,https://boxd.it/1d9m,2
2022-03-30,Stowaway,2021,https://boxd.it/ktMM,2.5
2022-03-30,Wheelman,2017,https://boxd.it/gSIM,3
2022-03-30,Jackass Forever,2022,https://boxd.it/opUg,4
2022-03-31,The Taking of Pelham 1 2 3,2009,https://boxd.it/1GS6,2.5
2022-03-31,All of Us Are Dead,2022,https://boxd.it/zeGO,1.5
2022-04-02,The Kingdom of Dreams and Madness,2013,https://boxd.it/7oOi,4
2022-04-04,Drive My Car,2021,https://boxd.it/sv94,5
2022-04-05,The French Dispatch,2021,https://boxd.it/jLP8,4
2022-04-05,Blade: Trinity,2004,https://boxd.it/1a8q,1.5
2022-04-07,Howl's Moving Castle,2004,https://boxd.it/23De,4
2022-04-09,The Wind Rises,2013,https://boxd.it/4JQS,4.5
2022-04-11,Grown Ups,2010,https://boxd.it/169a,2
2022-04-12,Olympus Has Fallen,2013,https://boxd.it/3TMY,1.5
2022-04-12,The Witches of Eastwick,1987,https://boxd.it/2272,3.5
2022-04-12,London Has Fallen,2016,https://boxd.it/814o,2
2022-04-12,Sherlock Holmes: A Game of Shadows,2011,https://boxd.it/k3S,2.5
2022-04-13,Shooter,2007,https://boxd.it/20TS,3
2022-04-13,Hired Gun,2016,https://boxd.it/dsEo,3
2022-04-13,The Happening,2008,https://boxd.it/200o,2
2022-04-15,Insomnia,2002,https://boxd.it/2aB0,3.5
2022-04-16,Bad Trip,2020,https://boxd.it/lgRG,3.5
2022-04-18,Tony Hawk: Until the Wheels Fall Off,2022,https://boxd.it/xg52,3.5
2022-04-18,Black Crab,2022,https://boxd.it/sAqO,2
2022-04-19,Highlander,1986,https://boxd.it/20GE,3
2022-04-21,Crank,2006,https://boxd.it/27MY,3
2022-04-21,Starship Troopers,1997,https://boxd.it/2a7k,3.5
2022-04-22,Alpha Dog,2006,https://boxd.it/20Va,3
2022-04-23,Ip Man,2008,https://boxd.it/1NrQ,3.5
2022-04-24,The Other Guys,2010,https://boxd.it/1rtq,3
2022-04-25,The Beatles: Get Back,2021,https://boxd.it/xo7A,4.5
2022-04-26,12 Strong,2018,https://boxd.it/fdnc,2.5
2022-04-28,The Quick and the Dead,1995,https://boxd.it/1Sx0,3.5
2022-05-02,High on the Hog: How African American Cuisine Transformed America,2021,https://boxd.it/wXxm,4
2022-05-02,Puella Magi Madoka Magica,2011,https://boxd.it/px3c,4.5
2022-05-02,Apollo 11,2019,https://boxd.it/k4r0,3.5
2022-05-03,Godless,2017,https://boxd.it/hAyG,3.5
2022-05-04,The Siege,1998,https://boxd.it/1XCu,2.5
2022-05-04,The Bourne Ultimatum,2007,https://boxd.it/26Eu,3
2022-05-05,Dances with Wolves,1990,https://boxd.it/2a4K,4
2022-05-05,Moon Knight,2022,https://boxd.it/zeDq,3.5
2022-05-05,The Kings,2021,https://boxd.it/vH7q,4
2022-05-05,De Palma,2015,https://boxd.it/bZDk,3.5
2022-05-07,Million Dollar Baby,2004,https://boxd.it/2bdI,4
2022-05-07,Army of Darkness,1992,https://boxd.it/29G4,4
2022-05-07,Doctor Strange in the Multiverse of Madness,2022,https://boxd.it/gaTc,3.5
2022-05-07,Heaven's Gate: The Cult of Cults,2020,https://boxd.it/t4Om,3
2022-05-09,Den of Thieves,2018,https://boxd.it/g17e,3.5
2022-05-10,Conan the Barbarian,2011,https://boxd.it/18lW,2
2022-05-10,Happy Gilmore,1996,https://boxd.it/1Yey,4
2022-05-11,42,2013,https://boxd.it/3GBo,3.5
2022-05-12,Hoop Dreams,1994,https://boxd.it/1Opc,5
2022-05-12,Jackass 2.5,2007,https://boxd.it/1OEw,3
2022-05-12,Jackass 3.5,2011,https://boxd.it/2Ak,3
2022-05-13,The Survivor,2021,https://boxd.it/mpss,3.5
2022-05-13,Thelma & Louise,1991,https://boxd.it/28Ew,4
2022-05-15,Ghostland,2018,https://boxd.it/h5Uw,2.5
2022-05-15,Fantastic Mr. Fox,2009,https://boxd.it/1WyQ,4.5
2022-05-16,Resident Evil: Extinction,2007,https://boxd.it/20Oy,2
2022-05-17,The Northman,2022,https://boxd.it/nK2s,4.5
2022-05-17,"There Is No ""I"" in Threesome",2021,https://boxd.it/tKqQ,2
2022-05-18,Cliffhanger,1993,https://boxd.it/1YU0,3
2022-05-18,Terminator Salvation,2009,https://boxd.it/2abQ,2
2022-05-20,47 Ronin,2013,https://boxd.it/Jk,2
2022-05-20,Soylent Green,1973,https://boxd.it/1SxE,3.5
2022-05-20,Timecrimes,2007,https://boxd.it/1OGM,3
2022-05-22,Isle of Dogs,2018,https://boxd.it/dZrW,4
2022-05-23,Chip 'n Dale: Rescue Rangers,2022,https://boxd.it/eSk2,3.5
2022-05-25,Blow Out,1981,https://boxd.it/1TlE,4
2022-05-26,Jackass 4.5,2022,https://boxd.it/vfTm,3.5
2022-05-27,DodgeBall: A True Underdog Story,2004,https://boxd.it/1YAY,3
2022-05-27,Enron: The Smartest Guys in the Room,2005,https://boxd.it/1R0k,3
2022-05-31,The Lion King,1994,https://boxd.it/201Q,4
2022-05-31,Mean Girls,2004,https://boxd.it/1VNg,4
2022-05-31,Frozen,2013,https://boxd.it/3GNa,3
2022-06-01,The Fifth Element,1997,https://boxd.it/71k,4
2022-06-02,Glory Road,2006,https://boxd.it/1XwQ,3
2022-06-03,Life of Crime: 1984-2020,2021,https://boxd.it/wg9m,5
2022-06-04,Paris Is Burning,1990,https://boxd.it/1jzg,4.5
2022-06-05,We Own This City,2022,https://boxd.it/AvT8,4.5
2022-06-05,Lords of Dogtown,2005,https://boxd.it/1XOg,3
2022-06-06,Anchorman: The Legend of Ron Burgundy,2004,https://boxd.it/1ZVo,3.5
2022-06-07,Everything Everywhere All at Once,2022,https://boxd.it/jUk4,5
2022-06-07,South Park the Streaming Wars,2022,https://boxd.it/AOfm,2.5
2022-06-08,The Paper Tigers,2020,https://boxd.it/rr9W,3
2022-06-09,Hustle,2022,https://boxd.it/qpig,4.5
2022-06-10,"Summer of Soul (...or, When the Revolution Could Not Be Televised)",2021,https://boxd.it/tbhu,4
2022-06-10,Batman & Bill,2017,https://boxd.it/gi2U,3.5
2022-06-10,It Comes at Night,2017,https://boxd.it/eLuk,3
2022-06-10,OPAL,2020,https://boxd.it/suy8,4.5
2022-06-13,Don't Hug Me I'm Scared,2011,https://boxd.it/4afW,3.5
2022-06-13,Don't Hug Me I'm Scared 2,2014,https://boxd.it/7wdu,3.5
2022-06-13,Don't Hug Me I'm Scared 3,2014,https://boxd.it/9ytS,4
2022-06-13,Don't Hug Me I'm Scared 4,2015,https://boxd.it/b094,3.5
2022-06-13,Top Gun: Maverick,2022,https://boxd.it/cjr4,4
2022-06-15,Miami Vice,2006,https://boxd.it/2bbW,3.5
2022-06-17,Predator 2,1990,https://boxd.it/2aY4,3
2022-06-18,The Card Counter,2021,https://boxd.it/nTH0,3
2022-06-18,Daybreakers,2009,https://boxd.it/1EnA,3
2022-06-20,The Accountant,2016,https://boxd.it/9EhI,2.5
2022-06-21,Cartel Land,2015,https://boxd.it/ahGW,3.5
2022-06-22,Of Miracles and Men,2015,https://boxd.it/ayd8,3.5
2022-06-22,Down Periscope,1996,https://boxd.it/1Za8,3
2022-06-23,Obi-Wan Kenobi,2022,https://boxd.it/yLBA,4
2022-06-24,Evolution,2001,https://boxd.it/1YMK,2.5
2022-06-24,Mad God,2021,https://boxd.it/vVPm,4
2022-06-26,Fist of the North Star,1986,https://boxd.it/1Epc,3.5
2022-06-26,Rise,2022,https://boxd.it/svMU,3
2022-06-26,Justin Timberlake + The Tennessee Kids,2016,https://boxd.it/enJK,3
2022-06-28,Fantastic Four,2005,https://boxd.it/1XVw,2
2022-06-28,Batman: Year One,2011,https://boxd.it/2vf0,3
2022-06-30,Insidious,2010,https://boxd.it/H4k,3
2022-07-01,Matchstick Men,2003,https://boxd.it/215a,3.5
2022-07-02,Batman v Superman: Dawn of Justice,2016,https://boxd.it/6fBW,2.5
2022-07-02,Final Fantasy VII: Last Order,2005,https://boxd.it/1QvG,2
2022-07-03,Little Monsters,2019,https://boxd.it/iarm,3
2022-07-04,Wrinkles the Clown,2019,https://boxd.it/mUlM,2
2022-07-06,Zero Dark Thirty,2012,https://boxd.it/3n1w,3.5
2022-07-06,Ant-Man and the Wasp,2018,https://boxd.it/cqUW,4
2022-07-06,The Curse of La Llorona,2019,https://boxd.it/hg0E,1.5
2022-07-06,"Batman: The Dark Knight Returns, Part 1",2012,https://boxd.it/43Is,3.5
2022-07-06,"Batman: The Dark Knight Returns, Part 2",2013,https://boxd.it/4xzg,4
2022-07-06,Partysaurus Rex,2012,https://boxd.it/4gmE,3.5
2022-07-06,Toy Story of Terror!,2013,https://boxd.it/6m2Y,3
2022-07-07,Fantastic Four,2015,https://boxd.it/5a9c,1.5
2022-07-07,Batman & Robin,1997,https://boxd.it/2ar0,2
2022-07-07,Greenland,2020,https://boxd.it/j1Um,2.5
2022-07-08,Indiana Jones and the Kingdom of the Crystal Skull,2008,https://boxd.it/2aR8,3
2022-07-08,The Lost City of Z,2016,https://boxd.it/a7jS,4
2022-07-08,Host,2020,https://boxd.it/r5O4,3
2022-07-08,Wanted,2008,https://boxd.it/1ZBS,2
2022-07-09,"Batman: The Long Halloween, Part Two",2021,https://boxd.it/rCI4,3.5
2022-07-09,"Batman: The Long Halloween, Part One",2021,https://boxd.it/rCIe,3.5
2022-07-10,Limbo: The Organized Mind,1966,https://boxd.it/bzr8,3
2022-07-11,The Dark Crystal,1982,https://boxd.it/1Tm8,3.5
2022-07-11,Serial Experiments Lain,1998,https://boxd.it/hYQE,4.5
2022-07-12,Thor: Love and Thunder,2022,https://boxd.it/mMAY,3.5
2022-07-12,Lone Wolf and Cub: Baby Cart at the River Styx,1972,https://boxd.it/1I2Q,3.5
2022-07-13,The Exorcism of Emily Rose,2005,https://boxd.it/200I,3
2022-07-14,Wild Wild West,1999,https://boxd.it/205y,1.5
2022-07-14,Jack Reacher,2012,https://boxd.it/2BUo,3.5
2022-07-15,Ms. Marvel,2022,https://boxd.it/ANCY,3.5
2022-07-15,Memento,2000,https://boxd.it/2bcK,4
2022-07-15,The Shape of Water,2017,https://boxd.it/dZ5m,3.5
2022-07-16,Women of Troy,2020,https://boxd.it/pg7c,3.5
2022-07-17,Taken,2008,https://boxd.it/1ZXa,3
2022-07-18,The Chronicles of Riddick,2004,https://boxd.it/26iy,2.5
2022-07-18,Flight,2012,https://boxd.it/35Ca,3.5
2022-07-18,SPL II: A Time for Consequences,2015,https://boxd.it/aSZG,4
2022-07-19,Tron,1982,https://boxd.it/2b9w,4
2022-07-19,Kung Fu Hustle,2004,https://boxd.it/1YBi,4
2022-07-20,TRON: Legacy,2010,https://boxd.it/1Dlo,3.5
2022-07-21,Geostorm,2017,https://boxd.it/8lC6,2
2022-07-21,Crisis: Behind a Presidential Commitment,1963,https://boxd.it/53Ug,4
2022-07-23,Ocean's Eleven,2001,https://boxd.it/2aZm,5
2022-07-23,Lone Wolf and Cub: Baby Cart to Hades,1972,https://boxd.it/ZhQ,3.5
2022-07-24,Ocean's Thirteen,2007,https://boxd.it/2aEy,3.5
2022-07-26,Lone Wolf and Cub: Baby Cart in Peril,1972,https://boxd.it/Zhw,4
2022-07-26,Morbius,2022,https://boxd.it/j978,1.5
2022-07-27,Don't Look Up,2021,https://boxd.it/o0Hc,2.5
2022-07-27,Snake in the Eagle's Shadow,1978,https://boxd.it/1TC6,4
2022-07-29,Project A,1983,https://boxd.it/1BLY,4
2022-07-29,Look At Me: XXXTENTACION,2022,https://boxd.it/zcQC,3.5
2022-07-30,Tangerine,2015,https://boxd.it/9QRe,4
2022-07-30,The Queen's Gambit,2020,https://boxd.it/s1Ym,4
2022-07-31,Belladonna of Sadness,1973,https://boxd.it/2q,3.5
2022-07-31,Godzilla: Planet of the Monsters,2017,https://boxd.it/g1kC,2
2022-07-31,Lone Wolf and Cub: Baby Cart in the Land of Demons,1973,https://boxd.it/ZgI,4
2022-08-01,The Tree of Life,2011,https://boxd.it/1Zu8,4.5
2022-08-02,Taken 2,2012,https://boxd.it/2TWi,2.5
2022-08-03,Vanilla Sky,2001,https://boxd.it/27TK,3
2022-08-05,First Blood,1982,https://boxd.it/28U0,4
2022-08-09,Prey,2022,https://boxd.it/sNBU,4
2022-08-11,Uncharted,2022,https://boxd.it/b5Dy,2.5
2022-08-12,The Little Guy,2022,https://boxd.it/CcU6,3
2022-08-12,Magnum Opus,2022,https://boxd.it/CcUg,3
2022-08-12,Groot's First Steps,2022,https://boxd.it/CcTM,2.5
2022-08-12,Perfect Blue,1997,https://boxd.it/1W7A,5
2022-08-12,Rurouni Kenshin: The Final,2021,https://boxd.it/md8K,3
2022-08-12,"Love, Death & Robots: Bad Travelling",2022,https://boxd.it/BykM,3.5
2022-08-12,"Love, Death & Robots: The Very Pulse of the Machine",2022,https://boxd.it/AW5O,2.5
2022-08-12,"Love, Death & Robots: Night of the Mini Dead",2022,https://boxd.it/AW6s,3
2022-08-12,"Love, Death & Robots: Sonnie's Edge",2019,https://boxd.it/lECg,2.5
2022-08-13,"Love, Death & Robots: Jibaro",2022,https://boxd.it/AW7U,4
2022-08-13,A Clockwork Orange,1971,https://boxd.it/2aVE,4
2022-08-15,The Killing,1956,https://boxd.it/2aMi,4
2022-08-16,Sherlock Holmes,2009,https://boxd.it/1W2A,3
2022-08-16,GoodFellas,1990,https://boxd.it/29FA,5
2022-08-18,Light & Magic,2022,https://boxd.it/C9RS,4
2022-08-20,Romeo Must Die,2000,https://boxd.it/27tC,4
2022-08-22,Belle,2021,https://boxd.it/tbEe,3.5
2022-08-25,Chaos Walking,2021,https://boxd.it/ey2M,2
2022-08-25,"Ghidorah, the Three-Headed Monster",1964,https://boxd.it/1Lze,3
2022-08-25,Creating Ghidorah,2019,https://boxd.it/nWG0,3
2022-08-25,Godzilla,2014,https://boxd.it/47OE,4
2022-08-25,The Gray Man,2022,https://boxd.it/rb7q,2.5
2022-08-26,The Polar Express,2004,https://boxd.it/23am,2
2022-08-26,Blood Simple,1984,https://boxd.it/1U16,4
2022-08-26,Spider-Man,2002,https://boxd.it/2a8i,3.5
2022-08-28,Spider-Man 2,2004,https://boxd.it/2a88,4
2022-08-28,Samaritan,2022,https://boxd.it/njkY,2
2022-08-29,Dragon Ball Super: Super Hero,2022,https://boxd.it/mxII,4
2022-09-01,Untold: The Rise and Fall of AND1,2022,https://boxd.it/BT0o,2.5
2022-09-03,Groot Takes a Bath,2022,https://boxd.it/CcTW,3.5
2022-09-03,Groot's Pursuit,2022,https://boxd.it/CcUq,3
2022-09-06,Dragon Ball Super: Broly,2018,https://boxd.it/iaWE,3.5
2022-09-06,Dragon Ball Z: Battle of Gods,2013,https://boxd.it/4a0C,3
2022-09-06,Dragon Ball Z: Resurrection 'F',2015,https://boxd.it/9GCI,2.5
2022-09-06,Lolita,1962,https://boxd.it/29Ag,3.5
2022-09-10,Great Teacher Onizuka,1999,https://boxd.it/qfq0,4.5
2022-09-10,Sonic the Hedgehog 2,2022,https://boxd.it/pb8O,3
2022-09-10,Dragon Ball: Yo! Son Goku and His Friends Return!!,2008,https://boxd.it/15Ew,2
2022-09-11,Bullet Train,2022,https://boxd.it/qW26,3.5
2022-09-12,Live and Let Die,1973,https://boxd.it/2aLk,3
2022-09-13,Dragon Ball Z: Wrath of the Dragon,1995,https://boxd.it/14s0,3
2022-09-13,Hotel Transylvania,2012,https://boxd.it/2DF6,3
2022-09-14,Nope,2022,https://boxd.it/sDCe,4.5
2022-09-15,Hotel Transylvania 2,2015,https://boxd.it/4ZLk,3
2022-09-15,Hotel Transylvania 3: Summer Vacation,2018,https://boxd.it/e1zI,2.5
2022-09-15,Hotel Transylvania: Transformania,2022,https://boxd.it/lwCC,2
2022-09-15,Ghostbusters,1984,https://boxd.it/g2w,4
2022-09-16,Obi-Wan Kenobi: A Jedi's Return,2022,https://boxd.it/CouY,3.5
2022-09-16,She Dies Tomorrow,2020,https://boxd.it/oIuG,3
2022-09-18,The Godfather: Part II,1974,https://boxd.it/2aNq,5
2022-09-18,Censor,2021,https://boxd.it/oHFS,3
2022-09-20,Pinocchio,2022,https://boxd.it/jnWY,1.5
2022-09-20,The Conjuring 2,2016,https://boxd.it/7GJg,3
2022-09-21,Fantastic Beasts: The Crimes of Grindelwald,2018,https://boxd.it/bg8G,2
2022-09-21,Sexy Beast,2000,https://boxd.it/1SZS,4
2022-09-23,Day Shift,2022,https://boxd.it/sn8W,3
2022-09-23,Mobile Suit Gundam: Cucuruz Doan's Island,2022,https://boxd.it/xmx2,3
2022-09-23,Spiderhead,2022,https://boxd.it/mLsO,2
2022-09-23,The Princess,2022,https://boxd.it/svZO,2
2022-09-23,Three Thousand Years of Longing,2022,https://boxd.it/kmoy,4.5
2022-09-23,RRR,2022,https://boxd.it/ljDs,4
2022-09-25,Amistad,1997,https://boxd.it/1SZ4,3
2022-09-25,Lightyear,2022,https://boxd.it/qV1G,2
2022-09-25,The Outfit,2022,https://boxd.it/u6Eq,4
2022-09-26,Rise of the Teenage Mutant Ninja Turtles: The Movie,2022,https://boxd.it/sKJc,3
2022-09-28,War Horse,2011,https://boxd.it/nf8,3
2022-09-28,Minari,2020,https://boxd.it/mL9M,5
2022-09-28,Clueless,1995,https://boxd.it/1Ygk,4
2022-09-28,The Woman King,2022,https://boxd.it/r9a8,4
2022-09-29,Planet Terror,2007,https://boxd.it/27Gw,3
2022-09-30,We Bought a Zoo,2011,https://boxd.it/2AU8,4
2022-09-30,The Blues Brothers,1980,https://boxd.it/2adi,4
2022-09-30,Werewolves Within,2021,https://boxd.it/u8fC,3
2022-10-01,Michael Clayton,2007,https://boxd.it/2466,5
2022-10-01,Attica,2021,https://boxd.it/wp0o,3.5
2022-10-02,Escape from L.A.,1996,https://boxd.it/1XbI,2
2022-10-02,Lou,2022,https://boxd.it/fdFK,2.5
2022-10-03,I'm No Longer Here,2019,https://boxd.it/lqSu,3.5
2022-10-03,Some Kind of Heaven,2020,https://boxd.it/nH7Y,4
2022-10-04,Demon City Shinjuku,1988,https://boxd.it/SBk,2.5
2022-10-07,Incantation,2022,https://boxd.it/wFiI,3
2022-10-07,Ong Bak: Muay Thai Warrior,2003,https://boxd.it/1YZk,3
2022-10-08,Werewolf by Night,2022,https://boxd.it/xMrO,3.5
2022-10-08,Elysium,2013,https://boxd.it/2cBm,3.5
2022-10-09,The Hunger,1983,https://boxd.it/1Tk2,4
2022-10-11,The Redeem Team,2022,https://boxd.it/Cvz2,2.5
2022-10-12,Beowulf,2007,https://boxd.it/26Xw,2.5
2022-10-15,The Imitation Game,2014,https://boxd.it/6aig,2.5
2022-10-17,38 at the Garden,2022,https://boxd.it/AvYi,2.5
2022-10-17,DC League of Super-Pets,2022,https://boxd.it/jFTI,2.5
2022-10-17,Hocus Pocus,1993,https://boxd.it/1Wgi,3.5
2022-10-17,Hocus Pocus 2,2022,https://boxd.it/nRog,2
2022-10-18,She-Hulk: Attorney at Law,2022,https://boxd.it/CjLK,3
2022-10-18,Hellraiser,2022,https://boxd.it/bg7S,3
2022-10-21,Insidious: Chapter 2,2013,https://boxd.it/3dqc,2.5
2022-10-22,Life of Brian,1979,https://boxd.it/2a4q,4
2022-10-22,2010,1984,https://boxd.it/24lK,2.5
2022-10-25,Let the Right One In,2008,https://boxd.it/1Qr0,4
2022-10-25,Annabelle,2014,https://boxd.it/7l84,2
2022-10-26,X,2022,https://boxd.it/sxVa,4
2022-10-28,Clerks II,2006,https://boxd.it/26ZC,2.5
2022-10-29,Rush Hour,1998,https://boxd.it/27pU,3.5
2022-10-31,Barbarian,2022,https://boxd.it/yohi,4
2022-10-31,Rush Hour 2,2001,https://boxd.it/23ga,3.5
2022-11-01,All Quiet on the Western Front,2022,https://boxd.it/H08,4
2022-11-01,Night and Fog,1956,https://boxd.it/29A6,4
2022-11-02,The Summit of the Gods,2021,https://boxd.it/qFIu,3
2022-11-03,Batman: Mask of the Phantasm,1993,https://boxd.it/1N6S,3.5
2022-11-03,Crimes of the Future,2022,https://boxd.it/uTuY,4
2022-11-04,Synchronic,2019,https://boxd.it/k3M2,3
2022-11-08,Drunken Master,1978,https://boxd.it/1Ujk,3
2022-11-08,Manchester by the Sea,2016,https://boxd.it/b2L0,4.5
2022-11-08,The Boys Presents: Diabolical,2022,https://boxd.it/A4ik,3
2022-11-09,This Is Going to Hurt,2022,https://boxd.it/B0Gk,4
2022-11-09,Draft Day,2014,https://boxd.it/61XO,3
2022-11-10,Under the Skin,2013,https://boxd.it/3mDa,3.5
2022-11-10,Generation Kill,2008,https://boxd.it/2jmI,4
2022-11-11,Life of Pi,2012,https://boxd.it/37pC,4
2022-11-12,Chungking Express,1994,https://boxd.it/1UDa,5
2022-11-14,Eyes Wide Shut,1999,https://boxd.it/2axs,4.5
2022-11-15,Oblivion,2013,https://boxd.it/2Bzq,2.5
2022-11-15,The Nightmare Before Christmas,1993,https://boxd.it/1YzQ,4.5
2022-11-15,Midnight Mass,2021,https://boxd.it/wvVA,3.5
2022-11-16,Thirteen Lives,2022,https://boxd.it/q7O4,3.5
2022-11-16,A Nightmare on Elm Street Part 2: Freddy's Revenge,1985,https://boxd.it/1XiE,2.5
2022-11-17,Katrina Babies,2022,https://boxd.it/wJgm,3.5
2022-11-17,The Signal,2007,https://boxd.it/1QWi,2.5
2022-11-17,Ambulance,2022,https://boxd.it/sFxg,3.5
2022-11-21,Star Wars: Tales of the Jedi,2022,https://boxd.it/DmaE,4
2022-11-21,Romeo + Juliet,1996,https://boxd.it/2ama,4
2022-11-21,Black Panther: Wakanda Forever,2022,https://boxd.it/igPu,3.5
2022-11-22,Hold the Dark,2018,https://boxd.it/dQPg,2.5
2022-11-24,Harlan County U.S.A.,1976,https://boxd.it/1fJw,4.5
2022-11-25,"Confess, Fletch",2022,https://boxd.it/ra9K,3.5
2022-11-25,Do Revenge,2022,https://boxd.it/sFiA,3
2022-11-28,Ponyo,2008,https://boxd.it/1S0A,4
2022-11-29,Magic & Bird: A Courtship of Rivals,2010,https://boxd.it/YT0,3.5
2022-12-01,O.G.,2018,https://boxd.it/ijbs,3
2022-12-02,The Guardians of the Galaxy Holiday Special,2022,https://boxd.it/t77K,4
2022-12-02,The Ice Storm,1997,https://boxd.it/2c6I,3.5
2022-12-02,Suspiria,2018,https://boxd.it/cioI,3.5
2022-12-03,Annihilation,2018,https://boxd.it/9yzm,4
2022-12-04,Black Adam,2022,https://boxd.it/fup0,2.5
2022-12-05,Wendell & Wild,2022,https://boxd.it/iwtu,4
2022-12-06,TÁR,2022,https://boxd.it/uNIA,4.5
2022-12-07,Black Hawk Down,2001,https://boxd.it/29rI,3.5
2022-12-07,Lamb,2021,https://boxd.it/tFwE,3
2022-12-07,Fantastic Four: Rise of the Silver Surfer,2007,https://boxd.it/27Ii,2
2022-12-08,Candyman,2021,https://boxd.it/kHFg,3
2022-12-08,Outrage,2010,https://boxd.it/PUo,3
2022-12-09,Reel Injun,2009,https://boxd.it/3t0O,3.5
2022-12-09,The Wave,2019,https://boxd.it/mUlW,3
2022-12-09,Enchanted,2007,https://boxd.it/24co,4
2022-12-10,Disenchanted,2022,https://boxd.it/bg9E,2.5
2022-12-13,Enola Holmes 2,2022,https://boxd.it/vfDe,3.5
2022-12-14,Don't Worry Darling,2022,https://boxd.it/mViu,2
2022-12-18,Guillermo del Toro's Pinocchio,2022,https://boxd.it/kjMW,4
2022-12-18,Guillermo del Toro's Pinocchio: Handcarved Cinema,2022,https://boxd.it/E4XU,3
2022-12-18,On the Count of Three,2021,https://boxd.it/tbfI,3.5
2022-12-20,Avatar: The Way of Water,2022,https://boxd.it/2E2E,4
2022-12-21,A Most Violent Year,2014,https://boxd.it/75Va,3.5
2022-12-22,Twenty Something,2021,https://boxd.it/wbzu,3
2022-12-23,Violent Night,2022,https://boxd.it/xXBA,3.5
2022-12-24,Tremors,1990,https://boxd.it/1YSe,4
2022-12-25,Glass Onion,2022,https://boxd.it/oCkK,3.5
2022-12-25,The Goonies,1985,https://boxd.it/1YVC,3
2022-12-25,Star Trek IV: The Voyage Home,1986,https://boxd.it/2aYe,3.5
2022-12-26,Smile,2022,https://boxd.it/xjfE,3
2022-12-26,Mortal Kombat Legends: Battle of the Realms,2021,https://boxd.it/vKLo,2.5
2022-12-27,Knives Out,2019,https://boxd.it/jWEA,4
2022-12-29,The NeverEnding Story,1984,https://boxd.it/1dE0,3
2022-12-30,After Yang,2021,https://boxd.it/lx5a,4
2022-12-30,Æon Flux,2005,https://boxd.it/20vc,2
2022-12-31,Apollo 10½:  A Space Age Childhood,2022,https://boxd.it/oKiM,3
2023-01-02,Old Dogs,2009,https://boxd.it/1zPE,1.5
2023-01-03,"Godzilla, King of the Monsters!",1956,https://boxd.it/1FW2,2.5
2023-01-04,Blank Check,1994,https://boxd.it/1P24,2
2023-01-05,Wonder Woman,2017,https://boxd.it/9roG,3
2023-01-05,The Banshees of Inisherin,2022,https://boxd.it/p7XS,4.5
2023-01-05,Near Dark,1987,https://boxd.it/1SRO,3.5
2023-01-06,The Menu,2022,https://boxd.it/lScm,4
2023-01-07,Great Pretender,2020,https://boxd.it/sgs6,3
2023-01-09,The Scooby-Doo Project,1999,https://boxd.it/eYtO,4
2023-01-10,The Bad Guys,2022,https://boxd.it/nkg4,2.5
2023-01-11,Spring Breakers,2012,https://boxd.it/421s,3
2023-01-15,Aliens of the Deep,2005,https://boxd.it/1Aok,2.5
2023-01-16,The Hitman's Bodyguard,2017,https://boxd.it/dCmO,2.5
2023-01-17,Claydream,2021,https://boxd.it/vyv4,3.5
2023-01-18,Pusher,1996,https://boxd.it/27wG,4
2023-01-19,The Core,2003,https://boxd.it/1YVs,2.5
2023-01-21,Puss in Boots: The Last Wish,2022,https://boxd.it/aaie,4.5
2023-01-22,Shot Caller,2017,https://boxd.it/bihA,4
2023-01-24,Biker Boyz,2003,https://boxd.it/1Sbo,2
2023-01-25,Avatar: The Deep Dive - A Special Edition of 20/20,2022,https://boxd.it/E6n0,2.5
2023-01-26,Miracle,2004,https://boxd.it/1OmM,3
2023-01-27,Marcel the Shell with Shoes On,2021,https://boxd.it/wMAk,5
2023-01-27,All My Friends Hate Me,2021,https://boxd.it/uWPK,2.5
2023-01-29,In the Mood for Love,2000,https://boxd.it/29tE,5
2023-01-30,Trainspotting,1996,https://boxd.it/29XY,4
2023-01-31,Shallow Grave,1994,https://boxd.it/1XyW,3.5
2023-01-31,Pusher II,2004,https://boxd.it/1U7y,4
2023-02-01,Kick-Ass 2,2013,https://boxd.it/hqu,2.5
2023-02-02,Vampyr,1932,https://boxd.it/29DY,3.5
2023-02-03,At the Heart of Gold: Inside the USA Gymnastics Scandal,2019,https://boxd.it/kpwq,3
2023-02-03,Pacific Rim,2013,https://boxd.it/2cB2,3
2023-02-04,Strange Days,1995,https://boxd.it/2aGO,4.5
2023-02-05,The Pale Blue Eye,2022,https://boxd.it/u8tk,3
2023-02-05,Flesh + Blood,1985,https://boxd.it/1Rg8,3
2023-02-05,The Keep,1983,https://boxd.it/1umW,2.5
2023-02-06,A Life Less Ordinary,1997,https://boxd.it/20Bu,3
2023-02-06,Nick and Norah's Infinite Playlist,2008,https://boxd.it/1Slo,3.5
2023-02-07,The Holiday,2006,https://boxd.it/28ye,3
2023-02-09,Magic Mike XXL,2015,https://boxd.it/7TTS,4.5
2023-02-11,Chef,2014,https://boxd.it/6lCG,3
2023-02-11,Magic Mike,2012,https://boxd.it/2HvY,3.5
2023-02-12,Burlesque,2010,https://boxd.it/Xfo,3
2023-02-15,eXistenZ,1999,https://boxd.it/27Ni,3.5
2023-02-16,Gridiron Gang,2006,https://boxd.it/1XRu,3
2023-02-18,Fighting,2009,https://boxd.it/1IOK,2.5
2023-02-19,Edge of Tomorrow,2014,https://boxd.it/4pD0,4
2023-02-19,Ant-Man and the Wasp: Quantumania,2023,https://boxd.it/nL2y,3
2023-02-19,The Beach,2000,https://boxd.it/27T6,3
2023-02-19,Shake! Otis at Monterey,1987,https://boxd.it/d4k,4
2023-02-20,Dinosaur,2000,https://boxd.it/1VWi,1.5
2023-02-22,Caged Heat,1974,https://boxd.it/13fY,3
2023-02-22,Transformers: Age of Extinction,2014,https://boxd.it/3d1m,1.5
2023-02-23,Kill Bill: The Origin of O-Ren,2003,https://boxd.it/8r9a,3.5
2023-02-26,Garth Marenghi's Darkplace,2004,https://boxd.it/pMvA,4
2023-02-28,28 Days Later,2002,https://boxd.it/2aXU,4
2023-02-28,All That Jazz,1979,https://boxd.it/1JB8,4
2023-02-28,Men in Black,1997,https://boxd.it/2a0I,4
2023-03-04,Tampopo,1985,https://boxd.it/1SZe,4
2023-03-08,The Hunger Games: Mockingjay - Part 1,2014,https://boxd.it/4hka,2.5
2023-03-08,Rocky II,1979,https://boxd.it/28Ua,3.5
2023-03-10,Creed III,2023,https://boxd.it/pf68,4
2023-03-14,28 Weeks Later,2007,https://boxd.it/28Bi,3
2023-03-16,The Bad News Bears,1976,https://boxd.it/1zb0,3
2023-03-19,Brokeback Mountain,2005,https://boxd.it/2b2q,4
2023-03-19,Battledogs,2013,https://boxd.it/5BPa,2
2023-03-20,Sunshine,2007,https://boxd.it/28Xy,4.5
2023-03-22,Five Came Back,2017,https://boxd.it/AMTO,4
2023-03-22,Sicario: Day of the Soldado,2018,https://boxd.it/e4fG,3
2023-03-25,21 Jump Street,2012,https://boxd.it/J0,3.5
2023-03-25,Rocky III,1982,https://boxd.it/28Tw,3
2023-03-26,John Wick: Chapter 4,2023,https://boxd.it/mh48,5
2023-03-28,First Reformed,2017,https://boxd.it/go9C,4.5
2023-03-30,Lupin III: The First,2019,https://boxd.it/mIEM,3.5
2023-03-30,Hardcore Henry,2015,https://boxd.it/aAIM,2.5
2023-03-31,Infinity Pool,2023,https://boxd.it/oPSK,3.5
2023-04-02,Set It Off,1996,https://boxd.it/1YMg,4
2023-04-04,Taxi,2004,https://boxd.it/1UMc,2
2023-04-05,Master and Commander: The Far Side of the World,2003,https://boxd.it/200S,4
2023-04-05,Elizabethtown,2005,https://boxd.it/1Ydq,2
2023-04-06,Ralph Breaks the Internet,2018,https://boxd.it/edAy,3
2023-04-10,Trance,2013,https://boxd.it/2cAS,2.5
2023-04-11,Star Wars: The Rise of Skywalker,2019,https://boxd.it/5xlK,2.5
2023-04-11,The Magnificent Seven,2016,https://boxd.it/aZAy,3
2023-04-16,65,2023,https://boxd.it/qbus,2
2023-04-19,The 40 Year Old Virgin,2005,https://boxd.it/21hK,4
2023-04-22,Star Wars: Episode I - The Phantom Menace,1999,https://boxd.it/27Vc,2.5
2023-04-22,Star Wars: Episode II - Attack of the Clones,2002,https://boxd.it/27V2,2.5
2023-04-24,Power Rangers,2017,https://boxd.it/9KKc,3
2023-04-26,Blade Runner 2049,2017,https://boxd.it/b8wK,4.5
2023-04-28,Batman: Under the Red Hood,2010,https://boxd.it/11eE,3.5
2023-04-29,Fantastic Beasts: The Secrets of Dumbledore,2022,https://boxd.it/bg8Q,2
2023-04-29,The Bourne Supremacy,2004,https://boxd.it/26EE,3.5
2023-04-29,Twister,1996,https://boxd.it/29S0,3.5
